title,author,length,User-Agent
Shadow Heart,Morgan B Lee,Length: 13 hrs and 12 mins,"Mozilla/5.0 (Macintosh; Intel Mac OS X 10_15_0) AppleWebKit/537.36 (KHTML, like Gecko) Chrome/91.0.4472.114 Safari/537.36"
The King's Captive: Magiford Supernatural City,K. M. Shea,Length: 9 hrs and 43 mins,"Mozilla/5.0 (Macintosh; Intel Mac OS X 10_15_0) AppleWebKit/537.36 (KHTML, like Gecko) Chrome/91.0.4472.114 Safari/537.36"
Gateway,Craig Alanson,Length: 21 hrs and 40 mins,"Mozilla/5.0 (Macintosh; Intel Mac OS X 10_15_0) AppleWebKit/537.36 (KHTML, like Gecko) Chrome/91.0.4472.114 Safari/537.36"
The Path of Ascension 8,C. Mantis,Length: 27 hrs and 23 mins,"Mozilla/5.0 (Macintosh; Intel Mac OS X 10_15_0) AppleWebKit/537.36 (KHTML, like Gecko) Chrome/91.0.4472.114 Safari/537.36"
An American Tragedy,Theodore Dreiser,Length: 15 hrs and 38 mins,"Mozilla/5.0 (Macintosh; Intel Mac OS X 10_15_0) AppleWebKit/537.36 (KHTML, like Gecko) Chrome/91.0.4472.114 Safari/537.36"
Leontus: Lord Solar,Rob Young,Length: 5 hrs and 44 mins,"Mozilla/5.0 (Macintosh; Intel Mac OS X 10_15_0) AppleWebKit/537.36 (KHTML, like Gecko) Chrome/91.0.4472.114 Safari/537.36"
Alas de Ã“nix [Onyx Storm],Rebecca Yarros,Length: 27 hrs and 46 mins,"Mozilla/5.0 (Macintosh; Intel Mac OS X 10_15_0) AppleWebKit/537.36 (KHTML, like Gecko) Chrome/91.0.4472.114 Safari/537.36"
The Power of Strength & Mobility,T. Mittleider,Length: 4 hrs and 6 mins,"Mozilla/5.0 (Macintosh; Intel Mac OS X 10_15_0) AppleWebKit/537.36 (KHTML, like Gecko) Chrome/91.0.4472.114 Safari/537.36"
Hand of God,Jack Slater,Length: 10 hrs and 28 mins,"Mozilla/5.0 (Macintosh; Intel Mac OS X 10_15_0) AppleWebKit/537.36 (KHTML, like Gecko) Chrome/91.0.4472.114 Safari/537.36"
The Blind Man's Eyes,"Edwin Balmer,William MacHarg",Length: 11 hrs and 26 mins,"Mozilla/5.0 (Macintosh; Intel Mac OS X 10_15_0) AppleWebKit/537.36 (KHTML, like Gecko) Chrome/91.0.4472.114 Safari/537.36"
A Little Life,Hanya Yanagihara,Length: 28 hrs and 38 mins,"Mozilla/5.0 (Macintosh; Intel Mac OS X 10_15_0) AppleWebKit/537.36 (KHTML, like Gecko) Chrome/91.0.4472.114 Safari/537.36"
House of Crimson Curses,Ruby Roe,Length: 12 hrs and 25 mins,"Mozilla/5.0 (Macintosh; Intel Mac OS X 10_15_0) AppleWebKit/537.36 (KHTML, like Gecko) Chrome/91.0.4472.114 Safari/537.36"
Secret Societies and Spiritual Warfare,Frederick Dodson,Length: 6 hrs and 14 mins,"Mozilla/5.0 (Macintosh; Intel Mac OS X 10_15_0) AppleWebKit/537.36 (KHTML, like Gecko) Chrome/91.0.4472.114 Safari/537.36"
Smooth Sailing,Kristen Ashley,Length: Not Yet Known,"Mozilla/5.0 (Macintosh; Intel Mac OS X 10_15_0) AppleWebKit/537.36 (KHTML, like Gecko) Chrome/91.0.4472.114 Safari/537.36"
House of Flame and Shadows (Part 2 of 2) (Dramatized Adaptation),Sarah J. Maas,Length: 12 hrs,"Mozilla/5.0 (Macintosh; Intel Mac OS X 10_15_0) AppleWebKit/537.36 (KHTML, like Gecko) Chrome/91.0.4472.114 Safari/537.36"
A Kingdom of Flesh and Fire (Part 2 of 2) (Dramatized Adaptation),Jennifer L. Armentrout,Length: 9 hrs,"Mozilla/5.0 (Macintosh; Intel Mac OS X 10_15_0) AppleWebKit/537.36 (KHTML, like Gecko) Chrome/91.0.4472.114 Safari/537.36"
The New Thought Treasury,"Napoleon Hill,Mitch Horowitz,Claude M. Bristol,Wallace D. Wattles,George S. Clason,Joseph Murphy,Neville Goddard,Catherine Ponder,Genevieve Behrend",Length: 56 hrs and 29 mins,"Mozilla/5.0 (Macintosh; Intel Mac OS X 10_15_0) AppleWebKit/537.36 (KHTML, like Gecko) Chrome/91.0.4472.114 Safari/537.36"
Intrigued by Danger,Endiya Carter,Length: 15 hrs and 51 mins,"Mozilla/5.0 (Macintosh; Intel Mac OS X 10_15_0) AppleWebKit/537.36 (KHTML, like Gecko) Chrome/91.0.4472.114 Safari/537.36"
Point of Impact,"J.N. Chaney,Terry Maggert",Length: 9 hrs and 26 mins,"Mozilla/5.0 (Macintosh; Intel Mac OS X 10_15_0) AppleWebKit/537.36 (KHTML, like Gecko) Chrome/91.0.4472.114 Safari/537.36"
The Crash,Freida McFadden,Length: 9 hrs and 13 mins,"Mozilla/5.0 (Macintosh; Intel Mac OS X 10_15_0) AppleWebKit/537.36 (KHTML, like Gecko) Chrome/91.0.4472.114 Safari/537.36"
The Practical Guide to a Healthy Marriage,D.S. Loden,Length: 4 hrs and 40 mins,"Mozilla/5.0 (Macintosh; Intel Mac OS X 10_15_0) AppleWebKit/537.36 (KHTML, like Gecko) Chrome/91.0.4472.114 Safari/537.36"
Cry Havoc,Jack Carr,Length: 15 hrs and 30 mins,"Mozilla/5.0 (Macintosh; Intel Mac OS X 10_15_0) AppleWebKit/537.36 (KHTML, like Gecko) Chrome/91.0.4472.114 Safari/537.36"
Wild Side,Elsie Silver,Length: 11 hrs,"Mozilla/5.0 (Macintosh; Intel Mac OS X 10_15_0) AppleWebKit/537.36 (KHTML, like Gecko) Chrome/91.0.4472.114 Safari/537.36"
"Heretical Fishing 4: A Cozy Guide to Annoying the Cults, Outsmarting the Fish, and Alienating Oneself",Haylock Jobson,Length: 21 hrs and 6 mins,"Mozilla/5.0 (Macintosh; Intel Mac OS X 10_15_0) AppleWebKit/537.36 (KHTML, like Gecko) Chrome/91.0.4472.114 Safari/537.36"
Source Code,Bill Gates,Length: 11 hrs and 41 mins,"Mozilla/5.0 (Macintosh; Intel Mac OS X 10_15_0) AppleWebKit/537.36 (KHTML, like Gecko) Chrome/91.0.4472.114 Safari/537.36"
Soul Knight 2,JJ Bookerson,Length: 20 hrs and 34 mins,"Mozilla/5.0 (Macintosh; Intel Mac OS X 10_15_0) AppleWebKit/537.36 (KHTML, like Gecko) Chrome/91.0.4472.114 Safari/537.36"
Nightshade,Michael Connelly,Length: 11 hrs and 30 mins,"Mozilla/5.0 (Macintosh; Intel Mac OS X 10_15_0) AppleWebKit/537.36 (KHTML, like Gecko) Chrome/91.0.4472.114 Safari/537.36"
The Fallen and the Kiss of Dusk,Carissa Broadbent,Length: 17 hrs and 46 mins,"Mozilla/5.0 (Macintosh; Intel Mac OS X 10_15_0) AppleWebKit/537.36 (KHTML, like Gecko) Chrome/91.0.4472.114 Safari/537.36"
The Next Conversation,Jefferson Fisher,Length: 11 hrs,"Mozilla/5.0 (Macintosh; Intel Mac OS X 10_15_0) AppleWebKit/537.36 (KHTML, like Gecko) Chrome/91.0.4472.114 Safari/537.36"
Promised in Blood,Sadie Kincaid,Length: 10 hrs and 44 mins,"Mozilla/5.0 (Macintosh; Intel Mac OS X 10_15_0) AppleWebKit/537.36 (KHTML, like Gecko) Chrome/91.0.4472.114 Safari/537.36"
Garden of Sanctuary,pirateaba,Length: 32 hrs and 59 mins,"Mozilla/5.0 (Macintosh; Intel Mac OS X 10_15_0) AppleWebKit/537.36 (KHTML, like Gecko) Chrome/91.0.4472.114 Safari/537.36"
The Tenant,Freida McFadden,Length: 9 hrs and 43 mins,"Mozilla/5.0 (Macintosh; Intel Mac OS X 10_15_0) AppleWebKit/537.36 (KHTML, like Gecko) Chrome/91.0.4472.114 Safari/537.36"
The Fall Risk,Abby Jimenez,Length: 2 hrs,"Mozilla/5.0 (Macintosh; Intel Mac OS X 10_15_0) AppleWebKit/537.36 (KHTML, like Gecko) Chrome/91.0.4472.114 Safari/537.36"
Never Flinch,Stephen King,Length: 20 hrs,"Mozilla/5.0 (Macintosh; Intel Mac OS X 10_15_0) AppleWebKit/537.36 (KHTML, like Gecko) Chrome/91.0.4472.114 Safari/537.36"
The Primal of Blood and Bone,Jennifer L. Armentrout,Length: 24 hrs,"Mozilla/5.0 (Macintosh; Intel Mac OS X 10_15_0) AppleWebKit/537.36 (KHTML, like Gecko) Chrome/91.0.4472.114 Safari/537.36"
The War of the Noobs,Ryan Rimmel,Length: 17 hrs and 46 mins,"Mozilla/5.0 (Macintosh; Intel Mac OS X 10_15_0) AppleWebKit/537.36 (KHTML, like Gecko) Chrome/91.0.4472.114 Safari/537.36"
King Sorrow,Joe Hill,Length: 12 hrs,"Mozilla/5.0 (Macintosh; Intel Mac OS X 10_15_0) AppleWebKit/537.36 (KHTML, like Gecko) Chrome/91.0.4472.114 Safari/537.36"
A Shot to Kill,Elle Gray,Length: 7 hrs and 31 mins,"Mozilla/5.0 (Macintosh; Intel Mac OS X 10_15_0) AppleWebKit/537.36 (KHTML, like Gecko) Chrome/91.0.4472.114 Safari/537.36"
The Seven Rings,Nora Roberts,Length: 14 hrs and 30 mins,"Mozilla/5.0 (Macintosh; Intel Mac OS X 10_15_0) AppleWebKit/537.36 (KHTML, like Gecko) Chrome/91.0.4472.114 Safari/537.36"
Framed in Death,J. D. Robb,Length: 12 hrs and 51 mins,"Mozilla/5.0 (Macintosh; Intel Mac OS X 10_15_0) AppleWebKit/537.36 (KHTML, like Gecko) Chrome/91.0.4472.114 Safari/537.36"
Indiscretion,Vi Keeland,Length: 8 hrs and 49 mins,"Mozilla/5.0 (Macintosh; Intel Mac OS X 10_15_0) AppleWebKit/537.36 (KHTML, like Gecko) Chrome/91.0.4472.114 Safari/537.36"
The Coldest Night: EMP Survival in a Powerless World Boxset,"Robert J. Walker,Colton Lively,Roger Hayden",Length: 27 hrs and 6 mins,"Mozilla/5.0 (Macintosh; Intel Mac OS X 10_15_0) AppleWebKit/537.36 (KHTML, like Gecko) Chrome/91.0.4472.114 Safari/537.36"
Anathema,Keri Lake,Length: 21 hrs and 18 mins,"Mozilla/5.0 (Macintosh; Intel Mac OS X 10_15_0) AppleWebKit/537.36 (KHTML, like Gecko) Chrome/91.0.4472.114 Safari/537.36"
Casualties of Consequence,"J.N. Chaney,Terry Maggert",Length: 13 hrs and 45 mins,"Mozilla/5.0 (Macintosh; Intel Mac OS X 10_15_0) AppleWebKit/537.36 (KHTML, like Gecko) Chrome/91.0.4472.114 Safari/537.36"
The Best Man's Secret,Ana Ashley,Length: 6 hrs and 3 mins,"Mozilla/5.0 (Macintosh; Intel Mac OS X 10_15_0) AppleWebKit/537.36 (KHTML, like Gecko) Chrome/91.0.4472.114 Safari/537.36"
This Inevitable Ruin,Matt Dinniman,Length: Not Yet Known,"Mozilla/5.0 (Macintosh; Intel Mac OS X 10_15_0) AppleWebKit/537.36 (KHTML, like Gecko) Chrome/91.0.4472.114 Safari/537.36"
An Indomitable Woman,Sarah F. Noel,Length: 8 hrs and 50 mins,"Mozilla/5.0 (Macintosh; Intel Mac OS X 10_15_0) AppleWebKit/537.36 (KHTML, like Gecko) Chrome/91.0.4472.114 Safari/537.36"
Fighting Past Pain,Daniel Schinhofen,Length: 10 hrs and 12 mins,"Mozilla/5.0 (Macintosh; Intel Mac OS X 10_15_0) AppleWebKit/537.36 (KHTML, like Gecko) Chrome/91.0.4472.114 Safari/537.36"
Midnight Black,Mark Greaney,Length: Not Yet Known,"Mozilla/5.0 (Macintosh; Intel Mac OS X 10_15_0) AppleWebKit/537.36 (KHTML, like Gecko) Chrome/91.0.4472.114 Safari/537.36"
The Sirens' Call,Chris Hayes,Length: 8 hrs and 54 mins,"Mozilla/5.0 (Macintosh; Intel Mac OS X 10_15_0) AppleWebKit/537.36 (KHTML, like Gecko) Chrome/91.0.4472.114 Safari/537.36"
Coerced Queen,Charmaine Pauls,Length: 12 hrs and 55 mins,"Mozilla/5.0 (Macintosh; Intel Mac OS X 10_15_0) AppleWebKit/537.36 (KHTML, like Gecko) Chrome/91.0.4472.114 Safari/537.36"
Nemesis In Extremis,Alex Story,Length: 7 hrs and 36 mins,"Mozilla/5.0 (Macintosh; Intel Mac OS X 10_15_0) AppleWebKit/537.36 (KHTML, like Gecko) Chrome/91.0.4472.114 Safari/537.36"
Querido diario esencial,Tazarte,Length: 6 hrs and 42 mins,"Mozilla/5.0 (Macintosh; Intel Mac OS X 10_15_0) AppleWebKit/537.36 (KHTML, like Gecko) Chrome/91.0.4472.114 Safari/537.36"
The 5 Types of Wealth,Sahil Bloom,Length: 10 hrs and 25 mins,"Mozilla/5.0 (Macintosh; Intel Mac OS X 10_15_0) AppleWebKit/537.36 (KHTML, like Gecko) Chrome/91.0.4472.114 Safari/537.36"
Caught Up,Navessa Allen,Length: Not Yet Known,"Mozilla/5.0 (Macintosh; Intel Mac OS X 10_15_0) AppleWebKit/537.36 (KHTML, like Gecko) Chrome/91.0.4472.114 Safari/537.36"
The Hallmarked Man,Robert Galbraith,Length: 32 hrs,"Mozilla/5.0 (Macintosh; Intel Mac OS X 10_15_0) AppleWebKit/537.36 (KHTML, like Gecko) Chrome/91.0.4472.114 Safari/537.36"
Blaze,Lynn Raye Harris,Length: 10 hrs and 20 mins,"Mozilla/5.0 (Macintosh; Intel Mac OS X 10_15_0) AppleWebKit/537.36 (KHTML, like Gecko) Chrome/91.0.4472.114 Safari/537.36"
The Runic Artist: Painted Path,Ellake,Length: 17 hrs and 54 mins,"Mozilla/5.0 (Macintosh; Intel Mac OS X 10_15_0) AppleWebKit/537.36 (KHTML, like Gecko) Chrome/91.0.4472.114 Safari/537.36"
Everything Is Tuberculosis,John Green,Length: 5 hrs,"Mozilla/5.0 (Macintosh; Intel Mac OS X 10_15_0) AppleWebKit/537.36 (KHTML, like Gecko) Chrome/91.0.4472.114 Safari/537.36"
Battle Mountain,C.J. Box,Length: 11 hrs and 45 mins,"Mozilla/5.0 (Macintosh; Intel Mac OS X 10_15_0) AppleWebKit/537.36 (KHTML, like Gecko) Chrome/91.0.4472.114 Safari/537.36"
Requirements,SunriseCV,Length: 19 hrs and 45 mins,"Mozilla/5.0 (Macintosh; Intel Mac OS X 10_15_0) AppleWebKit/537.36 (KHTML, like Gecko) Chrome/91.0.4472.114 Safari/537.36"
Contention,Sean Oswald,Length: 15 hrs and 16 mins,"Mozilla/5.0 (Macintosh; Intel Mac OS X 10_15_0) AppleWebKit/537.36 (KHTML, like Gecko) Chrome/91.0.4472.114 Safari/537.36"
Throne of Glass (Dramatized Adaptation),Sarah J. Maas,Length: 11 hrs,"Mozilla/5.0 (Macintosh; Intel Mac OS X 10_15_0) AppleWebKit/537.36 (KHTML, like Gecko) Chrome/91.0.4472.114 Safari/537.36"
Annie Besant,Annie Wood Besant,Length: 9 hrs and 14 mins,"Mozilla/5.0 (Macintosh; Intel Mac OS X 10_15_0) AppleWebKit/537.36 (KHTML, like Gecko) Chrome/91.0.4472.114 Safari/537.36"
When Wizards Follow Fools,Andrew Rowe,Length: 21 hrs and 2 mins,"Mozilla/5.0 (Macintosh; Intel Mac OS X 10_15_0) AppleWebKit/537.36 (KHTML, like Gecko) Chrome/91.0.4472.114 Safari/537.36"
Rebel World,B.V. Larson,Length: 13 hrs and 20 mins,"Mozilla/5.0 (Macintosh; Intel Mac OS X 10_15_0) AppleWebKit/537.36 (KHTML, like Gecko) Chrome/91.0.4472.114 Safari/537.36"
Sunrise on the Reaping,Suzanne Collins,Length: Not Yet Known,"Mozilla/5.0 (Macintosh; Intel Mac OS X 10_15_0) AppleWebKit/537.36 (KHTML, like Gecko) Chrome/91.0.4472.114 Safari/537.36"
Open Season,Jonathan Kellerman,Length: 9 hrs and 10 mins,"Mozilla/5.0 (Macintosh; Intel Mac OS X 10_15_0) AppleWebKit/537.36 (KHTML, like Gecko) Chrome/91.0.4472.114 Safari/537.36"
Do This Before Bed,Oliver Nino,Length: 6 hrs and 53 mins,"Mozilla/5.0 (Macintosh; Intel Mac OS X 10_15_0) AppleWebKit/537.36 (KHTML, like Gecko) Chrome/91.0.4472.114 Safari/537.36"
The End of the World as We Know It,"Christopher Golden - contributor,Brian Keene - contributor,Stephen King - introduction",Length: 26 hrs and 30 mins,"Mozilla/5.0 (Macintosh; Intel Mac OS X 10_15_0) AppleWebKit/537.36 (KHTML, like Gecko) Chrome/91.0.4472.114 Safari/537.36"
Strangers in Time,David Baldacci,Length: 13 hrs,"Mozilla/5.0 (Macintosh; Intel Mac OS X 10_15_0) AppleWebKit/537.36 (KHTML, like Gecko) Chrome/91.0.4472.114 Safari/537.36"
Nowhere to Hide,Andrew Grey,Length: 3 hrs and 32 mins,"Mozilla/5.0 (Macintosh; Intel Mac OS X 10_15_0) AppleWebKit/537.36 (KHTML, like Gecko) Chrome/91.0.4472.114 Safari/537.36"
Just Like That,Lena Hendrix,Length: 10 hrs and 35 mins,"Mozilla/5.0 (Macintosh; Intel Mac OS X 10_15_0) AppleWebKit/537.36 (KHTML, like Gecko) Chrome/91.0.4472.114 Safari/537.36"
Where Did You Go?,Jeneane O'Riley,Length: 10 hrs and 51 mins,"Mozilla/5.0 (Macintosh; Intel Mac OS X 10_15_0) AppleWebKit/537.36 (KHTML, like Gecko) Chrome/91.0.4472.114 Safari/537.36"
Great Big Beautiful Life,Emily Henry,Length: 11 hrs and 30 mins,"Mozilla/5.0 (Macintosh; Intel Mac OS X 10_15_0) AppleWebKit/537.36 (KHTML, like Gecko) Chrome/91.0.4472.114 Safari/537.36"
12 Classic Books You Need to Read Before You Grow Up,"Antoine de Saint-Exupery,Lewis Carroll,Robert Louis Stevenson,Frances Hodgson Burnett,Mark Twain,Eleanor H. Porter,Jules Verne,Charles Dickens,Jack London,Lyman Frank Baum,Margery Williams,J.M. Barrie",Length: 53 hrs and 10 mins,"Mozilla/5.0 (Macintosh; Intel Mac OS X 10_15_0) AppleWebKit/537.36 (KHTML, like Gecko) Chrome/91.0.4472.114 Safari/537.36"
Comforting the Grump,Nora Phoenix,Length: 7 hrs and 34 mins,"Mozilla/5.0 (Macintosh; Intel Mac OS X 10_15_0) AppleWebKit/537.36 (KHTML, like Gecko) Chrome/91.0.4472.114 Safari/537.36"
Graveyard of Demons,Larry Correia,Length: Not Yet Known,"Mozilla/5.0 (Macintosh; Intel Mac OS X 10_15_0) AppleWebKit/537.36 (KHTML, like Gecko) Chrome/91.0.4472.114 Safari/537.36"
First Lensman,Smith Edward Elmer,Length: 10 hrs and 57 mins,"Mozilla/5.0 (Macintosh; Intel Mac OS X 10_15_0) AppleWebKit/537.36 (KHTML, like Gecko) Chrome/91.0.4472.114 Safari/537.36"
The Black Wolf,Louise Penny,Length: 12 hrs and 51 mins,"Mozilla/5.0 (Macintosh; Intel Mac OS X 10_15_0) AppleWebKit/537.36 (KHTML, like Gecko) Chrome/91.0.4472.114 Safari/537.36"
MeatEater's American History,Steven Rinella,Length: 7 hrs and 32 mins,"Mozilla/5.0 (Macintosh; Intel Mac OS X 10_15_0) AppleWebKit/537.36 (KHTML, like Gecko) Chrome/91.0.4472.114 Safari/537.36"
Madame Bovary by Gustave Flaubert,Gustave Flaubert,Length: 12 hrs and 21 mins,"Mozilla/5.0 (Macintosh; Intel Mac OS X 10_15_0) AppleWebKit/537.36 (KHTML, like Gecko) Chrome/91.0.4472.114 Safari/537.36"
"The Mad Mick Box Set, Volume 3",Franklin Horton,Length: 29 hrs and 2 mins,"Mozilla/5.0 (Macintosh; Intel Mac OS X 10_15_0) AppleWebKit/537.36 (KHTML, like Gecko) Chrome/91.0.4472.114 Safari/537.36"
Nemesis,Gregg Hurwitz,Length: 16 hrs and 19 mins,"Mozilla/5.0 (Macintosh; Intel Mac OS X 10_15_0) AppleWebKit/537.36 (KHTML, like Gecko) Chrome/91.0.4472.114 Safari/537.36"
The Path to Loving Him,Meghan Quinn,Length: 13 hrs and 50 mins,"Mozilla/5.0 (Macintosh; Intel Mac OS X 10_15_0) AppleWebKit/537.36 (KHTML, like Gecko) Chrome/91.0.4472.114 Safari/537.36"
Scythe & Sparrow,Brynne Weaver,Length: 11 hrs and 36 mins,"Mozilla/5.0 (Macintosh; Intel Mac OS X 10_15_0) AppleWebKit/537.36 (KHTML, like Gecko) Chrome/91.0.4472.114 Safari/537.36"
Saviors,Brian J. Nordon,Length: 20 hrs and 56 mins,"Mozilla/5.0 (Macintosh; Intel Mac OS X 10_15_0) AppleWebKit/537.36 (KHTML, like Gecko) Chrome/91.0.4472.114 Safari/537.36"
Big Dumb Eyes,Nate Bargatze,Length: 7 hrs,"Mozilla/5.0 (Macintosh; Intel Mac OS X 10_15_0) AppleWebKit/537.36 (KHTML, like Gecko) Chrome/91.0.4472.114 Safari/537.36"
Madness,Shantel Tessier,Length: 23 hrs and 33 mins,"Mozilla/5.0 (Macintosh; Intel Mac OS X 10_15_0) AppleWebKit/537.36 (KHTML, like Gecko) Chrome/91.0.4472.114 Safari/537.36"
Treading Water,B Sobjakken,Length: 4 hrs,"Mozilla/5.0 (Macintosh; Intel Mac OS X 10_15_0) AppleWebKit/537.36 (KHTML, like Gecko) Chrome/91.0.4472.114 Safari/537.36"
The Harder I Fight the More I Love You,Neko Case,Length: 7 hrs and 1 min,"Mozilla/5.0 (Macintosh; Intel Mac OS X 10_15_0) AppleWebKit/537.36 (KHTML, like Gecko) Chrome/91.0.4472.114 Safari/537.36"
I'll Have What She's Having,Chelsea Handler,Length: 7 hrs,"Mozilla/5.0 (Macintosh; Intel Mac OS X 10_15_0) AppleWebKit/537.36 (KHTML, like Gecko) Chrome/91.0.4472.114 Safari/537.36"
Second Stage Lensmen,Smith Edward Elmer ('Doc'),Length: 10 hrs and 30 mins,"Mozilla/5.0 (Macintosh; Intel Mac OS X 10_15_0) AppleWebKit/537.36 (KHTML, like Gecko) Chrome/91.0.4472.114 Safari/537.36"
Food for Thought,Alton Brown,Length: 6 hrs and 59 mins,"Mozilla/5.0 (Macintosh; Intel Mac OS X 10_15_0) AppleWebKit/537.36 (KHTML, like Gecko) Chrome/91.0.4472.114 Safari/537.36"
We All Live Here,Jojo Moyes,Length: 12 hrs and 38 mins,"Mozilla/5.0 (Macintosh; Intel Mac OS X 10_15_0) AppleWebKit/537.36 (KHTML, like Gecko) Chrome/91.0.4472.114 Safari/537.36"
Open Socrates,Agnes Callard,Length: 12 hrs and 14 mins,"Mozilla/5.0 (Macintosh; Intel Mac OS X 10_15_0) AppleWebKit/537.36 (KHTML, like Gecko) Chrome/91.0.4472.114 Safari/537.36"
Ormond,Maria Edgeworth,Length: 13 hrs and 35 mins,"Mozilla/5.0 (Macintosh; Intel Mac OS X 10_15_0) AppleWebKit/537.36 (KHTML, like Gecko) Chrome/91.0.4472.114 Safari/537.36"
The Antiquary,Sir Walter Scott,Length: 18 hrs and 57 mins,"Mozilla/5.0 (Macintosh; Intel Mac OS X 10_15_0) AppleWebKit/537.36 (KHTML, like Gecko) Chrome/91.0.4472.114 Safari/537.36"
Sabotage,Shantel Tessier,Length: 7 hrs and 12 mins,"Mozilla/5.0 (Macintosh; Intel Mac OS X 10_15_0) AppleWebKit/537.36 (KHTML, like Gecko) Chrome/91.0.4472.114 Safari/537.36"
The Shadow Work Solution,J.G. Hoxie,Length: 3 hrs and 20 mins,"Mozilla/5.0 (Macintosh; Intel Mac OS X 10_15_0) AppleWebKit/537.36 (KHTML, like Gecko) Chrome/91.0.4472.114 Safari/537.36"
Ormond,Maria Edgeworth,Length: 13 hrs and 35 mins,"Mozilla/5.0 (Macintosh; Intel Mac OS X 10_15_0) AppleWebKit/537.36 (KHTML, like Gecko) Chrome/91.0.4472.114 Safari/537.36"
Returner's Defiance 2,Bruce Sentar,Length: 14 hrs and 27 mins,"Mozilla/5.0 (Macintosh; Intel Mac OS X 10_15_0) AppleWebKit/537.36 (KHTML, like Gecko) Chrome/91.0.4472.114 Safari/537.36"
The Antiquary,Sir Walter Scott,Length: 18 hrs and 57 mins,"Mozilla/5.0 (Macintosh; Intel Mac OS X 10_15_0) AppleWebKit/537.36 (KHTML, like Gecko) Chrome/91.0.4472.114 Safari/537.36"
The Technological Republic,"Alexander C. Karp,Nicholas W. Zamiska",Length: 11 hrs,"Mozilla/5.0 (Macintosh; Intel Mac OS X 10_15_0) AppleWebKit/537.36 (KHTML, like Gecko) Chrome/91.0.4472.114 Safari/537.36"
AI for Beginners,Anne Frances Caraang,Length: 4 hrs and 11 mins,"Mozilla/5.0 (Macintosh; Intel Mac OS X 10_15_0) AppleWebKit/537.36 (KHTML, like Gecko) Chrome/91.0.4472.114 Safari/537.36"
Sabotage,Shantel Tessier,Length: 7 hrs and 12 mins,"Mozilla/5.0 (Macintosh; Intel Mac OS X 10_15_0) AppleWebKit/537.36 (KHTML, like Gecko) Chrome/91.0.4472.114 Safari/537.36"
Food for Thought,Alton Brown,Length: 6 hrs and 59 mins,"Mozilla/5.0 (Macintosh; Intel Mac OS X 10_15_0) AppleWebKit/537.36 (KHTML, like Gecko) Chrome/91.0.4472.114 Safari/537.36"
Madness,Shantel Tessier,Length: 23 hrs and 33 mins,"Mozilla/5.0 (Macintosh; Intel Mac OS X 10_15_0) AppleWebKit/537.36 (KHTML, like Gecko) Chrome/91.0.4472.114 Safari/537.36"
Punishment-Free Parenting,"Jon Fogel,Tina Payne Bryson - foreword",Length: 5 hrs and 56 mins,"Mozilla/5.0 (Macintosh; Intel Mac OS X 10_15_0) AppleWebKit/537.36 (KHTML, like Gecko) Chrome/91.0.4472.114 Safari/537.36"
Scythe & Sparrow,Brynne Weaver,Length: 11 hrs and 36 mins,"Mozilla/5.0 (Macintosh; Intel Mac OS X 10_15_0) AppleWebKit/537.36 (KHTML, like Gecko) Chrome/91.0.4472.114 Safari/537.36"
The Shadow Work Solution,J.G. Hoxie,Length: 3 hrs and 20 mins,"Mozilla/5.0 (Macintosh; Intel Mac OS X 10_15_0) AppleWebKit/537.36 (KHTML, like Gecko) Chrome/91.0.4472.114 Safari/537.36"
Open Socrates,Agnes Callard,Length: 12 hrs and 14 mins,"Mozilla/5.0 (Macintosh; Intel Mac OS X 10_15_0) AppleWebKit/537.36 (KHTML, like Gecko) Chrome/91.0.4472.114 Safari/537.36"
Phantom,H. D. Carlton,Length: 8 hrs and 53 mins,"Mozilla/5.0 (Macintosh; Intel Mac OS X 10_15_0) AppleWebKit/537.36 (KHTML, like Gecko) Chrome/91.0.4472.114 Safari/537.36"
This Far,Allison Holker,Length: 8 hrs and 38 mins,"Mozilla/5.0 (Macintosh; Intel Mac OS X 10_15_0) AppleWebKit/537.36 (KHTML, like Gecko) Chrome/91.0.4472.114 Safari/537.36"
The Harder I Fight the More I Love You,Neko Case,Length: 7 hrs and 1 min,"Mozilla/5.0 (Macintosh; Intel Mac OS X 10_15_0) AppleWebKit/537.36 (KHTML, like Gecko) Chrome/91.0.4472.114 Safari/537.36"
Your Story Has a Villain,"Jonathan Pokluda,Jon Green - contributor",Length: 5 hrs and 40 mins,"Mozilla/5.0 (Macintosh; Intel Mac OS X 10_15_0) AppleWebKit/537.36 (KHTML, like Gecko) Chrome/91.0.4472.114 Safari/537.36"
The Man the Moment Demands,Jason Wilson,Length: 6 hrs and 27 mins,"Mozilla/5.0 (Macintosh; Intel Mac OS X 10_15_0) AppleWebKit/537.36 (KHTML, like Gecko) Chrome/91.0.4472.114 Safari/537.36"
The Devils,Joe Abercrombie,Length: 23 hrs,"Mozilla/5.0 (Macintosh; Intel Mac OS X 10_15_0) AppleWebKit/537.36 (KHTML, like Gecko) Chrome/91.0.4472.114 Safari/537.36"
Stepbrother Dearest,Penelope Ward,Length: 7 hrs and 58 mins,"Mozilla/5.0 (Macintosh; Intel Mac OS X 10_15_0) AppleWebKit/537.36 (KHTML, like Gecko) Chrome/91.0.4472.114 Safari/537.36"
Paranoia,"James Patterson,James O. Born",Length: 8 hrs and 39 mins,"Mozilla/5.0 (Macintosh; Intel Mac OS X 10_15_0) AppleWebKit/537.36 (KHTML, like Gecko) Chrome/91.0.4472.114 Safari/537.36"
The Black: Evolution,Paul E Cooley,Length: 8 hrs and 43 mins,"Mozilla/5.0 (Macintosh; Intel Mac OS X 10_15_0) AppleWebKit/537.36 (KHTML, like Gecko) Chrome/91.0.4472.114 Safari/537.36"
Saviors,Brian J. Nordon,Length: 20 hrs and 56 mins,"Mozilla/5.0 (Macintosh; Intel Mac OS X 10_15_0) AppleWebKit/537.36 (KHTML, like Gecko) Chrome/91.0.4472.114 Safari/537.36"
Less than One Percent,Imamu Tomlinson,Length: 5 hrs and 52 mins,"Mozilla/5.0 (Macintosh; Intel Mac OS X 10_15_0) AppleWebKit/537.36 (KHTML, like Gecko) Chrome/91.0.4472.114 Safari/537.36"
The Dratsie Dilemma,G. L. Carriger,Length: 13 hrs and 2 mins,"Mozilla/5.0 (Macintosh; Intel Mac OS X 10_15_0) AppleWebKit/537.36 (KHTML, like Gecko) Chrome/91.0.4472.114 Safari/537.36"
Haunting Adeline,H. D. Carlton,Length: 15 hrs and 49 mins,"Mozilla/5.0 (Macintosh; Intel Mac OS X 10_15_0) AppleWebKit/537.36 (KHTML, like Gecko) Chrome/91.0.4472.114 Safari/537.36"
Kihei Kidnapping,Jasmine Webb,Length: 5 hrs and 26 mins,"Mozilla/5.0 (Macintosh; Intel Mac OS X 10_15_0) AppleWebKit/537.36 (KHTML, like Gecko) Chrome/91.0.4472.114 Safari/537.36"
AvX,Jennifer Julie Miller,Length: 5 hrs and 38 mins,"Mozilla/5.0 (Macintosh; Intel Mac OS X 10_15_0) AppleWebKit/537.36 (KHTML, like Gecko) Chrome/91.0.4472.114 Safari/537.36"
Rapid Weight Loss Hypnosis: 2 in 1 Bundle,Alisha Kapani,Length: 12 hrs and 33 mins,"Mozilla/5.0 (Macintosh; Intel Mac OS X 10_15_0) AppleWebKit/537.36 (KHTML, like Gecko) Chrome/91.0.4472.114 Safari/537.36"
The Dispatcher,Ryan David Jahn,Length: 10 hrs and 38 mins,"Mozilla/5.0 (Macintosh; Intel Mac OS X 10_15_0) AppleWebKit/537.36 (KHTML, like Gecko) Chrome/91.0.4472.114 Safari/537.36"
My Dear Hemlock,Tilly Dillehay,Length: 4 hrs and 12 mins,"Mozilla/5.0 (Macintosh; Intel Mac OS X 10_15_0) AppleWebKit/537.36 (KHTML, like Gecko) Chrome/91.0.4472.114 Safari/537.36"
How to Love Better,Yung Pueblo,Length: 8 hrs,"Mozilla/5.0 (Macintosh; Intel Mac OS X 10_15_0) AppleWebKit/537.36 (KHTML, like Gecko) Chrome/91.0.4472.114 Safari/537.36"
Edge of Honor,Brad Thor,Length: 12 hrs,"Mozilla/5.0 (Macintosh; Intel Mac OS X 10_15_0) AppleWebKit/537.36 (KHTML, like Gecko) Chrome/91.0.4472.114 Safari/537.36"
Psionic Elite 2,Danny Rogan,Length: 11 hrs and 38 mins,"Mozilla/5.0 (Macintosh; Intel Mac OS X 10_15_0) AppleWebKit/537.36 (KHTML, like Gecko) Chrome/91.0.4472.114 Safari/537.36"
Fahrenheit-182,"Mark Hoppus,Dan Ozzi",Length: 8 hrs,"Mozilla/5.0 (Macintosh; Intel Mac OS X 10_15_0) AppleWebKit/537.36 (KHTML, like Gecko) Chrome/91.0.4472.114 Safari/537.36"
The Grandmother,Jane E. James,Length: 8 hrs and 39 mins,"Mozilla/5.0 (Macintosh; Intel Mac OS X 10_15_0) AppleWebKit/537.36 (KHTML, like Gecko) Chrome/91.0.4472.114 Safari/537.36"
Chase Lovett Wants Me,Helena Hunting,Length: 6 hrs and 6 mins,"Mozilla/5.0 (Macintosh; Intel Mac OS X 10_15_0) AppleWebKit/537.36 (KHTML, like Gecko) Chrome/91.0.4472.114 Safari/537.36"
Catalyst,Sarah Hawke,Length: 14 hrs,"Mozilla/5.0 (Macintosh; Intel Mac OS X 10_15_0) AppleWebKit/537.36 (KHTML, like Gecko) Chrome/91.0.4472.114 Safari/537.36"
The Shimmering Labyrinth,Always RollsAOne,Length: 15 hrs and 6 mins,"Mozilla/5.0 (Macintosh; Intel Mac OS X 10_15_0) AppleWebKit/537.36 (KHTML, like Gecko) Chrome/91.0.4472.114 Safari/537.36"
Gate Lord 1,"Dante King,Ryan Vermont",Length: 8 hrs and 40 mins,"Mozilla/5.0 (Macintosh; Intel Mac OS X 10_15_0) AppleWebKit/537.36 (KHTML, like Gecko) Chrome/91.0.4472.114 Safari/537.36"
Unaffiliated Healer,Jonathan Brooks,Length: 15 hrs and 34 mins,"Mozilla/5.0 (Macintosh; Intel Mac OS X 10_15_0) AppleWebKit/537.36 (KHTML, like Gecko) Chrome/91.0.4472.114 Safari/537.36"
Denali,Austin Bunn,Length: 1 hr and 16 mins,"Mozilla/5.0 (Macintosh; Intel Mac OS X 10_15_0) AppleWebKit/537.36 (KHTML, like Gecko) Chrome/91.0.4472.114 Safari/537.36"
Workbook to Deliverance from Demonic Covenant and Curses,James Solomon,Length: 8 hrs and 34 mins,"Mozilla/5.0 (Macintosh; Intel Mac OS X 10_15_0) AppleWebKit/537.36 (KHTML, like Gecko) Chrome/91.0.4472.114 Safari/537.36"
The Red Dragon of Oxford,Joy Lynn Fielding,Length: 6 hrs and 12 mins,"Mozilla/5.0 (Macintosh; Intel Mac OS X 10_15_0) AppleWebKit/537.36 (KHTML, like Gecko) Chrome/91.0.4472.114 Safari/537.36"
Credence,Penelope Douglas,Length: 16 hrs and 55 mins,"Mozilla/5.0 (Macintosh; Intel Mac OS X 10_15_0) AppleWebKit/537.36 (KHTML, like Gecko) Chrome/91.0.4472.114 Safari/537.36"
Galactic Patrol,E.E. Smith,Length: 8 hrs and 35 mins,"Mozilla/5.0 (Macintosh; Intel Mac OS X 10_15_0) AppleWebKit/537.36 (KHTML, like Gecko) Chrome/91.0.4472.114 Safari/537.36"
Defiance of the Fall 14,"TheFirstDefier,JF Brink",Length: 21 hrs and 54 mins,"Mozilla/5.0 (Macintosh; Intel Mac OS X 10_15_0) AppleWebKit/537.36 (KHTML, like Gecko) Chrome/91.0.4472.114 Safari/537.36"
Steal My Heart,Laura Pavlov,Length: 9 hrs,"Mozilla/5.0 (Macintosh; Intel Mac OS X 10_15_0) AppleWebKit/537.36 (KHTML, like Gecko) Chrome/91.0.4472.114 Safari/537.36"
Have I Told You Lately,Beth Moran,Length: 10 hrs and 44 mins,"Mozilla/5.0 (Macintosh; Intel Mac OS X 10_15_0) AppleWebKit/537.36 (KHTML, like Gecko) Chrome/91.0.4472.114 Safari/537.36"
The Dungeon Anarchist's Cookbook,Matt Dinniman,Length: 16 hrs and 54 mins,"Mozilla/5.0 (Macintosh; Intel Mac OS X 10_15_0) AppleWebKit/537.36 (KHTML, like Gecko) Chrome/91.0.4472.114 Safari/537.36"
"Hack your Body, Heal your Mind",BBC Studios,Length: 2 hrs and 41 mins,"Mozilla/5.0 (Macintosh; Intel Mac OS X 10_15_0) AppleWebKit/537.36 (KHTML, like Gecko) Chrome/91.0.4472.114 Safari/537.36"
When the Moon Hits Your Eye,John Scalzi,Length: Not Yet Known,"Mozilla/5.0 (Macintosh; Intel Mac OS X 10_15_0) AppleWebKit/537.36 (KHTML, like Gecko) Chrome/91.0.4472.114 Safari/537.36"
Son of a Witch,Gregory Maguire,Length: 14 hrs and 16 mins,"Mozilla/5.0 (Macintosh; Intel Mac OS X 10_15_0) AppleWebKit/537.36 (KHTML, like Gecko) Chrome/91.0.4472.114 Safari/537.36"
Deep End,Ali Hazelwood,Length: 13 hrs and 46 mins,"Mozilla/5.0 (Macintosh; Intel Mac OS X 10_15_0) AppleWebKit/537.36 (KHTML, like Gecko) Chrome/91.0.4472.114 Safari/537.36"
"Mark Twain: The $30,000 Bequest and Other Short Stories",Mark Twain,Length: 10 hrs and 8 mins,"Mozilla/5.0 (Macintosh; Intel Mac OS X 10_15_0) AppleWebKit/537.36 (KHTML, like Gecko) Chrome/91.0.4472.114 Safari/537.36"
Protocols,Andrew D. Huberman Ph.D.,Length: 11 hrs,"Mozilla/5.0 (Macintosh; Intel Mac OS X 10_15_0) AppleWebKit/537.36 (KHTML, like Gecko) Chrome/91.0.4472.114 Safari/537.36"
Happy Lies,Melissa Dougherty,Length: 8 hrs and 20 mins,"Mozilla/5.0 (Macintosh; Intel Mac OS X 10_15_0) AppleWebKit/537.36 (KHTML, like Gecko) Chrome/91.0.4472.114 Safari/537.36"
The Odyssey,Homer,Length: 10 hrs and 36 mins,"Mozilla/5.0 (Macintosh; Intel Mac OS X 10_15_0) AppleWebKit/537.36 (KHTML, like Gecko) Chrome/91.0.4472.114 Safari/537.36"
Kayla's Trick,Jean Grainger,Length: 7 hrs and 44 mins,"Mozilla/5.0 (Macintosh; Intel Mac OS X 10_15_0) AppleWebKit/537.36 (KHTML, like Gecko) Chrome/91.0.4472.114 Safari/537.36"
Anthony,Beverley Watts,Length: 6 hrs and 2 mins,"Mozilla/5.0 (Macintosh; Intel Mac OS X 10_15_0) AppleWebKit/537.36 (KHTML, like Gecko) Chrome/91.0.4472.114 Safari/537.36"
Binding 13,"Chloe Walsh,Antona Simongiovanni - traducteur",Length: 22 hrs and 53 mins,"Mozilla/5.0 (Macintosh; Intel Mac OS X 10_15_0) AppleWebKit/537.36 (KHTML, like Gecko) Chrome/91.0.4472.114 Safari/537.36"
Muse.,Grey Huffington,Length: 1 hr and 27 mins,"Mozilla/5.0 (Macintosh; Intel Mac OS X 10_15_0) AppleWebKit/537.36 (KHTML, like Gecko) Chrome/91.0.4472.114 Safari/537.36"
Starts with a Bang,Kristen Proby,Length: 21 hrs and 36 mins,"Mozilla/5.0 (Macintosh; Intel Mac OS X 10_15_0) AppleWebKit/537.36 (KHTML, like Gecko) Chrome/91.0.4472.114 Safari/537.36"
"Sylver Seeker, Books 1-4: A LitRPG Adventure",Kennit Kenway,Length: 86 hrs and 55 mins,"Mozilla/5.0 (Macintosh; Intel Mac OS X 10_15_0) AppleWebKit/537.36 (KHTML, like Gecko) Chrome/91.0.4472.114 Safari/537.36"
"The Condemned Villainess Goes Back in Time and Aims to Become the Ultimate Villain (Light Novel), Vol. 3",Bakufu Narayama,Length: 8 hrs and 57 mins,"Mozilla/5.0 (Macintosh; Intel Mac OS X 10_15_0) AppleWebKit/537.36 (KHTML, like Gecko) Chrome/91.0.4472.114 Safari/537.36"
Inner Voice,Aine McCuin,Length: 57 mins,"Mozilla/5.0 (Macintosh; Intel Mac OS X 10_15_0) AppleWebKit/537.36 (KHTML, like Gecko) Chrome/91.0.4472.114 Safari/537.36"
Requiem Infernal,Peter Fehervari,Length: 13 hrs and 50 mins,"Mozilla/5.0 (Macintosh; Intel Mac OS X 10_15_0) AppleWebKit/537.36 (KHTML, like Gecko) Chrome/91.0.4472.114 Safari/537.36"
Vengeance from Beyond,"Ian Fortey,Ron Ripley,Scare Street",Length: 8 hrs and 9 mins,"Mozilla/5.0 (Macintosh; Intel Mac OS X 10_15_0) AppleWebKit/537.36 (KHTML, like Gecko) Chrome/91.0.4472.114 Safari/537.36"
Forever Lasting,Kathleen Brooks,Length: 8 hrs and 38 mins,"Mozilla/5.0 (Macintosh; Intel Mac OS X 10_15_0) AppleWebKit/537.36 (KHTML, like Gecko) Chrome/91.0.4472.114 Safari/537.36"
Goldfinch,Raven Kennedy,Length: 21 hrs and 41 mins,"Mozilla/5.0 (Macintosh; Intel Mac OS X 10_15_0) AppleWebKit/537.36 (KHTML, like Gecko) Chrome/91.0.4472.114 Safari/537.36"
The Devil's Hunt,E.L. Emkey,Length: 10 hrs and 24 mins,"Mozilla/5.0 (Macintosh; Intel Mac OS X 10_15_0) AppleWebKit/537.36 (KHTML, like Gecko) Chrome/91.0.4472.114 Safari/537.36"
Carl's Doomsday Scenario,Matt Dinniman,Length: 11 hrs and 28 mins,"Mozilla/5.0 (Macintosh; Intel Mac OS X 10_15_0) AppleWebKit/537.36 (KHTML, like Gecko) Chrome/91.0.4472.114 Safari/537.36"
Chilling Reflections,Drew Hayes,Length: 34 hrs,"Mozilla/5.0 (Macintosh; Intel Mac OS X 10_15_0) AppleWebKit/537.36 (KHTML, like Gecko) Chrome/91.0.4472.114 Safari/537.36"
Siren's Test,Jessica Cage,Length: 7 hrs and 20 mins,"Mozilla/5.0 (Macintosh; Intel Mac OS X 10_15_0) AppleWebKit/537.36 (KHTML, like Gecko) Chrome/91.0.4472.114 Safari/537.36"
Final Victim,Gregg Olsen,Length: 8 hrs and 7 mins,"Mozilla/5.0 (Macintosh; Intel Mac OS X 10_15_0) AppleWebKit/537.36 (KHTML, like Gecko) Chrome/91.0.4472.114 Safari/537.36"
The Broken Night,D.E. Sherman,Length: 16 hrs and 29 mins,"Mozilla/5.0 (Macintosh; Intel Mac OS X 10_15_0) AppleWebKit/537.36 (KHTML, like Gecko) Chrome/91.0.4472.114 Safari/537.36"
The Fire Is for You,Travis Hearn,Length: 4 hrs and 6 mins,"Mozilla/5.0 (Macintosh; Intel Mac OS X 10_15_0) AppleWebKit/537.36 (KHTML, like Gecko) Chrome/91.0.4472.114 Safari/537.36"
The Medici Return,Steve Berry,Length: 14 hrs and 2 mins,"Mozilla/5.0 (Macintosh; Intel Mac OS X 10_15_0) AppleWebKit/537.36 (KHTML, like Gecko) Chrome/91.0.4472.114 Safari/537.36"
The Proposal Play,Lauren Blakely,Length: 14 hrs and 2 mins,"Mozilla/5.0 (Macintosh; Intel Mac OS X 10_15_0) AppleWebKit/537.36 (KHTML, like Gecko) Chrome/91.0.4472.114 Safari/537.36"
The Perfect Crime,Blake Pierce,Length: 4 hrs and 46 mins,"Mozilla/5.0 (Macintosh; Intel Mac OS X 10_15_0) AppleWebKit/537.36 (KHTML, like Gecko) Chrome/91.0.4472.114 Safari/537.36"
Crossroads Queen: Books 1-3,Annabel Chase,Length: 21 hrs and 3 mins,"Mozilla/5.0 (Macintosh; Intel Mac OS X 10_15_0) AppleWebKit/537.36 (KHTML, like Gecko) Chrome/91.0.4472.114 Safari/537.36"
"Sylver Seeker, Books 1-4: A LitRPG Adventure",Kennit Kenway,Length: 86 hrs and 55 mins,"Mozilla/5.0 (Macintosh; Intel Mac OS X 10_15_0) AppleWebKit/537.36 (KHTML, like Gecko) Chrome/91.0.4472.114 Safari/537.36"
Buffett and Munger Unscripted,Alex W. Morris,Length: 21 hrs and 2 mins,"Mozilla/5.0 (Macintosh; Intel Mac OS X 10_15_0) AppleWebKit/537.36 (KHTML, like Gecko) Chrome/91.0.4472.114 Safari/537.36"
"Curated True Crime: Six Volumes of Murder, Madness & Mayhem #2","Jamie Malton,Aiden Galway",Length: 23 hrs and 24 mins,"Mozilla/5.0 (Macintosh; Intel Mac OS X 10_15_0) AppleWebKit/537.36 (KHTML, like Gecko) Chrome/91.0.4472.114 Safari/537.36"
Crown of Midnight,Sarah J. Maas,Length: 12 hrs and 43 mins,"Mozilla/5.0 (Macintosh; Intel Mac OS X 10_15_0) AppleWebKit/537.36 (KHTML, like Gecko) Chrome/91.0.4472.114 Safari/537.36"
AvX,Jennifer Julie Miller,Length: 5 hrs and 38 mins,"Mozilla/5.0 (Macintosh; Intel Mac OS X 10_15_0) AppleWebKit/537.36 (KHTML, like Gecko) Chrome/91.0.4472.114 Safari/537.36"
Charlotte's Reject,K. R. Treadway,Length: 11 hrs and 38 mins,"Mozilla/5.0 (Macintosh; Intel Mac OS X 10_15_0) AppleWebKit/537.36 (KHTML, like Gecko) Chrome/91.0.4472.114 Safari/537.36"
The Rise and Fall of the Third Reich,William L. Shirer,Length: 57 hrs and 11 mins,"Mozilla/5.0 (Macintosh; Intel Mac OS X 10_15_0) AppleWebKit/537.36 (KHTML, like Gecko) Chrome/91.0.4472.114 Safari/537.36"
By Any Other Name,Jodi Picoult,Length: 18 hrs and 25 mins,"Mozilla/5.0 (Macintosh; Intel Mac OS X 10_15_0) AppleWebKit/537.36 (KHTML, like Gecko) Chrome/91.0.4472.114 Safari/537.36"
"Dungeon Core Online, Book Five (Remastered Edition)",Jonathan Smidt,Length: 10 hrs and 32 mins,"Mozilla/5.0 (Macintosh; Intel Mac OS X 10_15_0) AppleWebKit/537.36 (KHTML, like Gecko) Chrome/91.0.4472.114 Safari/537.36"
Less than One Percent,Imamu Tomlinson,Length: 5 hrs and 52 mins,"Mozilla/5.0 (Macintosh; Intel Mac OS X 10_15_0) AppleWebKit/537.36 (KHTML, like Gecko) Chrome/91.0.4472.114 Safari/537.36"
Chance,Lynn Raye Harris,Length: 9 hrs and 27 mins,"Mozilla/5.0 (Macintosh; Intel Mac OS X 10_15_0) AppleWebKit/537.36 (KHTML, like Gecko) Chrome/91.0.4472.114 Safari/537.36"
The 5 Second Rule,Mel Robbins,Length: 7 hrs and 35 mins,"Mozilla/5.0 (Macintosh; Intel Mac OS X 10_15_0) AppleWebKit/537.36 (KHTML, like Gecko) Chrome/91.0.4472.114 Safari/537.36"
Reckless Love,Willow Aster,Length: 8 hrs and 20 mins,"Mozilla/5.0 (Macintosh; Intel Mac OS X 10_15_0) AppleWebKit/537.36 (KHTML, like Gecko) Chrome/91.0.4472.114 Safari/537.36"
Prepper Nation,Tom Abrahams,Length: 8 hrs and 53 mins,"Mozilla/5.0 (Macintosh; Intel Mac OS X 10_15_0) AppleWebKit/537.36 (KHTML, like Gecko) Chrome/91.0.4472.114 Safari/537.36"
Bonded in Death,J. D. Robb,Length: 13 hrs and 50 mins,"Mozilla/5.0 (Macintosh; Intel Mac OS X 10_15_0) AppleWebKit/537.36 (KHTML, like Gecko) Chrome/91.0.4472.114 Safari/537.36"
The Odyssey,Homer,Length: 10 hrs and 36 mins,"Mozilla/5.0 (Macintosh; Intel Mac OS X 10_15_0) AppleWebKit/537.36 (KHTML, like Gecko) Chrome/91.0.4472.114 Safari/537.36"
The Fellowship of the Ring,J. R. R. Tolkien,Length: 19 hrs and 7 mins,"Mozilla/5.0 (Macintosh; Intel Mac OS X 10_15_0) AppleWebKit/537.36 (KHTML, like Gecko) Chrome/91.0.4472.114 Safari/537.36"
"Accomplishments of the Duke's Daughter (Light Novel), Vol. 5",Reia,Length: 5 hrs and 53 mins,"Mozilla/5.0 (Macintosh; Intel Mac OS X 10_15_0) AppleWebKit/537.36 (KHTML, like Gecko) Chrome/91.0.4472.114 Safari/537.36"
Oathbringer,Brandon Sanderson,Length: 55 hrs and 5 mins,"Mozilla/5.0 (Macintosh; Intel Mac OS X 10_15_0) AppleWebKit/537.36 (KHTML, like Gecko) Chrome/91.0.4472.114 Safari/537.36"
"Harry Potter and the Sorcerer's Stone, Book 1",J.K. Rowling,Length: 8 hrs and 18 mins,"Mozilla/5.0 (Macintosh; Intel Mac OS X 10_15_0) AppleWebKit/537.36 (KHTML, like Gecko) Chrome/91.0.4472.114 Safari/537.36"
The 5 Second Rule,Mel Robbins,Length: 7 hrs and 35 mins,"Mozilla/5.0 (Macintosh; Intel Mac OS X 10_15_0) AppleWebKit/537.36 (KHTML, like Gecko) Chrome/91.0.4472.114 Safari/537.36"
Bonded in Death,J. D. Robb,Length: 13 hrs and 50 mins,"Mozilla/5.0 (Macintosh; Intel Mac OS X 10_15_0) AppleWebKit/537.36 (KHTML, like Gecko) Chrome/91.0.4472.114 Safari/537.36"
The Fellowship of the Ring,J. R. R. Tolkien,Length: 19 hrs and 7 mins,"Mozilla/5.0 (Macintosh; Intel Mac OS X 10_15_0) AppleWebKit/537.36 (KHTML, like Gecko) Chrome/91.0.4472.114 Safari/537.36"
"Accomplishments of the Duke's Daughter (Light Novel), Vol. 5",Reia,Length: 5 hrs and 53 mins,"Mozilla/5.0 (Macintosh; Intel Mac OS X 10_15_0) AppleWebKit/537.36 (KHTML, like Gecko) Chrome/91.0.4472.114 Safari/537.36"
The Talentless Prince Is a Governor,"Wolfe Locke,Mike Caliban",Length: 25 hrs and 51 mins,"Mozilla/5.0 (Macintosh; Intel Mac OS X 10_15_0) AppleWebKit/537.36 (KHTML, like Gecko) Chrome/91.0.4472.114 Safari/537.36"
Oathbringer,Brandon Sanderson,Length: 55 hrs and 5 mins,"Mozilla/5.0 (Macintosh; Intel Mac OS X 10_15_0) AppleWebKit/537.36 (KHTML, like Gecko) Chrome/91.0.4472.114 Safari/537.36"
The Eye of the Bedlam Bride,Matt Dinniman,Length: 26 hrs and 46 mins,"Mozilla/5.0 (Macintosh; Intel Mac OS X 10_15_0) AppleWebKit/537.36 (KHTML, like Gecko) Chrome/91.0.4472.114 Safari/537.36"
"Harry Potter and the Sorcerer's Stone, Book 1",J.K. Rowling,Length: 8 hrs and 18 mins,"Mozilla/5.0 (Macintosh; Intel Mac OS X 10_15_0) AppleWebKit/537.36 (KHTML, like Gecko) Chrome/91.0.4472.114 Safari/537.36"
Empire of Storms,Sarah J. Maas,Length: 25 hrs and 18 mins,"Mozilla/5.0 (Macintosh; Intel Mac OS X 10_15_0) AppleWebKit/537.36 (KHTML, like Gecko) Chrome/91.0.4472.114 Safari/537.36"
Buffett and Munger Unscripted,Alex W. Morris,Length: 21 hrs and 2 mins,"Mozilla/5.0 (Macintosh; Intel Mac OS X 10_15_0) AppleWebKit/537.36 (KHTML, like Gecko) Chrome/91.0.4472.114 Safari/537.36"
Take Control of Your Life,Mel Robbins,Length: 10 hrs and 3 mins,"Mozilla/5.0 (Macintosh; Intel Mac OS X 10_15_0) AppleWebKit/537.36 (KHTML, like Gecko) Chrome/91.0.4472.114 Safari/537.36"
The Well of Ascension,Brandon Sanderson,Length: 28 hrs and 56 mins,"Mozilla/5.0 (Macintosh; Intel Mac OS X 10_15_0) AppleWebKit/537.36 (KHTML, like Gecko) Chrome/91.0.4472.114 Safari/537.36"
A Court of Frost and Starlight,Sarah J. Maas,Length: 6 hrs and 23 mins,"Mozilla/5.0 (Macintosh; Intel Mac OS X 10_15_0) AppleWebKit/537.36 (KHTML, like Gecko) Chrome/91.0.4472.114 Safari/537.36"
The Hero of Ages,Brandon Sanderson,Length: 27 hrs and 25 mins,"Mozilla/5.0 (Macintosh; Intel Mac OS X 10_15_0) AppleWebKit/537.36 (KHTML, like Gecko) Chrome/91.0.4472.114 Safari/537.36"
Prepper Nation,Tom Abrahams,Length: 8 hrs and 53 mins,"Mozilla/5.0 (Macintosh; Intel Mac OS X 10_15_0) AppleWebKit/537.36 (KHTML, like Gecko) Chrome/91.0.4472.114 Safari/537.36"
Words of Radiance,Brandon Sanderson,Length: 48 hrs and 15 mins,"Mozilla/5.0 (Macintosh; Intel Mac OS X 10_15_0) AppleWebKit/537.36 (KHTML, like Gecko) Chrome/91.0.4472.114 Safari/537.36"
Lights Out,Navessa Allen,Length: 13 hrs and 38 mins,"Mozilla/5.0 (Macintosh; Intel Mac OS X 10_15_0) AppleWebKit/537.36 (KHTML, like Gecko) Chrome/91.0.4472.114 Safari/537.36"
A Court of Mist and Fury (Part 1 of 2) (Dramatized Adaptation),Sarah J. Maas,Length: 8 hrs and 26 mins,"Mozilla/5.0 (Macintosh; Intel Mac OS X 10_15_0) AppleWebKit/537.36 (KHTML, like Gecko) Chrome/91.0.4472.114 Safari/537.36"
The Belvedere Murders,Karen Baugh Menuhin,Length: 8 hrs and 38 mins,"Mozilla/5.0 (Macintosh; Intel Mac OS X 10_15_0) AppleWebKit/537.36 (KHTML, like Gecko) Chrome/91.0.4472.114 Safari/537.36"
Sylver Seeker 6,Kennit Kenway,Length: 19 hrs and 52 mins,"Mozilla/5.0 (Macintosh; Intel Mac OS X 10_15_0) AppleWebKit/537.36 (KHTML, like Gecko) Chrome/91.0.4472.114 Safari/537.36"
A Storm of Swords,George R.R. Martin,Length: 47 hrs and 34 mins,"Mozilla/5.0 (Macintosh; Intel Mac OS X 10_15_0) AppleWebKit/537.36 (KHTML, like Gecko) Chrome/91.0.4472.114 Safari/537.36"
Shared by the Highest Bidder,Tori Chase,Length: 12 hrs and 11 mins,"Mozilla/5.0 (Macintosh; Intel Mac OS X 10_15_0) AppleWebKit/537.36 (KHTML, like Gecko) Chrome/91.0.4472.114 Safari/537.36"
Becoming Supernatural,Joe Dispenza,Length: 14 hrs and 6 mins,"Mozilla/5.0 (Macintosh; Intel Mac OS X 10_15_0) AppleWebKit/537.36 (KHTML, like Gecko) Chrome/91.0.4472.114 Safari/537.36"
House of Earth and Blood,Sarah J. Maas,Length: 27 hrs and 50 mins,"Mozilla/5.0 (Macintosh; Intel Mac OS X 10_15_0) AppleWebKit/537.36 (KHTML, like Gecko) Chrome/91.0.4472.114 Safari/537.36"
The Boyfriend,Freida McFadden,Length: 9 hrs and 20 mins,"Mozilla/5.0 (Macintosh; Intel Mac OS X 10_15_0) AppleWebKit/537.36 (KHTML, like Gecko) Chrome/91.0.4472.114 Safari/537.36"
Scandalous Kingpin,Eva Winners,Length: 8 hrs and 52 mins,"Mozilla/5.0 (Macintosh; Intel Mac OS X 10_15_0) AppleWebKit/537.36 (KHTML, like Gecko) Chrome/91.0.4472.114 Safari/537.36"
House of Sky and Breath,Sarah J. Maas,Length: 27 hrs and 42 mins,"Mozilla/5.0 (Macintosh; Intel Mac OS X 10_15_0) AppleWebKit/537.36 (KHTML, like Gecko) Chrome/91.0.4472.114 Safari/537.36"
Sherlock Holmes: The Definitive Collection,"Arthur Conan Doyle,Stephen Fry - introductions",Length: 71 hrs and 57 mins,"Mozilla/5.0 (Macintosh; Intel Mac OS X 10_15_0) AppleWebKit/537.36 (KHTML, like Gecko) Chrome/91.0.4472.114 Safari/537.36"
The Laws of Human Nature,Robert Greene,Length: 28 hrs and 26 mins,"Mozilla/5.0 (Macintosh; Intel Mac OS X 10_15_0) AppleWebKit/537.36 (KHTML, like Gecko) Chrome/91.0.4472.114 Safari/537.36"
Tropical Storm,Scott Cook,Length: 6 hrs and 22 mins,"Mozilla/5.0 (Macintosh; Intel Mac OS X 10_15_0) AppleWebKit/537.36 (KHTML, like Gecko) Chrome/91.0.4472.114 Safari/537.36"
A History of the Papacy from the Great Schism to the Sack of Rome,Mandell Creighton,Length: 13 hrs and 39 mins,"Mozilla/5.0 (Macintosh; Intel Mac OS X 10_15_0) AppleWebKit/537.36 (KHTML, like Gecko) Chrome/91.0.4472.114 Safari/537.36"
The Husband,Daniel Hurst,Length: 7 hrs and 10 mins,"Mozilla/5.0 (Macintosh; Intel Mac OS X 10_15_0) AppleWebKit/537.36 (KHTML, like Gecko) Chrome/91.0.4472.114 Safari/537.36"
Threshold,Will Wight,Length: 8 hrs and 35 mins,"Mozilla/5.0 (Macintosh; Intel Mac OS X 10_15_0) AppleWebKit/537.36 (KHTML, like Gecko) Chrome/91.0.4472.114 Safari/537.36"
Rhythm of War,Brandon Sanderson,Length: 57 hrs and 26 mins,"Mozilla/5.0 (Macintosh; Intel Mac OS X 10_15_0) AppleWebKit/537.36 (KHTML, like Gecko) Chrome/91.0.4472.114 Safari/537.36"
Priest: A Love Story,Sierra Simone,Length: 8 hrs and 7 mins,"Mozilla/5.0 (Macintosh; Intel Mac OS X 10_15_0) AppleWebKit/537.36 (KHTML, like Gecko) Chrome/91.0.4472.114 Safari/537.36"
A Court of Mist and Fury (Part 2 of 2) (Dramatized Adaptation),Sarah J. Maas,Length: 8 hrs and 23 mins,"Mozilla/5.0 (Macintosh; Intel Mac OS X 10_15_0) AppleWebKit/537.36 (KHTML, like Gecko) Chrome/91.0.4472.114 Safari/537.36"
Sin: The Mate Games,"Meg Anne,K. Loraine",Length: 8 hrs and 30 mins,"Mozilla/5.0 (Macintosh; Intel Mac OS X 10_15_0) AppleWebKit/537.36 (KHTML, like Gecko) Chrome/91.0.4472.114 Safari/537.36"
Long-Term Secrets to Short-Term Trading,Larry Williams,Length: 9 hrs and 59 mins,"Mozilla/5.0 (Macintosh; Intel Mac OS X 10_15_0) AppleWebKit/537.36 (KHTML, like Gecko) Chrome/91.0.4472.114 Safari/537.36"
Iron Flame (Part 2 of 2) (Dramatized Adaptation),Rebecca Yarros,Length: 9 hrs and 27 mins,"Mozilla/5.0 (Macintosh; Intel Mac OS X 10_15_0) AppleWebKit/537.36 (KHTML, like Gecko) Chrome/91.0.4472.114 Safari/537.36"
The Two Towers,J. R. R. Tolkien,Length: 20 hrs and 46 mins,"Mozilla/5.0 (Macintosh; Intel Mac OS X 10_15_0) AppleWebKit/537.36 (KHTML, like Gecko) Chrome/91.0.4472.114 Safari/537.36"
Executive-Level Leadership,David Maguire,Length: 3 hrs and 42 mins,"Mozilla/5.0 (Macintosh; Intel Mac OS X 10_15_0) AppleWebKit/537.36 (KHTML, like Gecko) Chrome/91.0.4472.114 Safari/537.36"
A Clash of Kings,George R.R. Martin,Length: 37 hrs and 12 mins,"Mozilla/5.0 (Macintosh; Intel Mac OS X 10_15_0) AppleWebKit/537.36 (KHTML, like Gecko) Chrome/91.0.4472.114 Safari/537.36"
Emily Wilde's Compendium of Lost Tales,Heather Fawcett,Length: 12 hrs,"Mozilla/5.0 (Macintosh; Intel Mac OS X 10_15_0) AppleWebKit/537.36 (KHTML, like Gecko) Chrome/91.0.4472.114 Safari/537.36"
The Housemaid Is Watching,Freida McFadden,Length: 11 hrs and 42 mins,"Mozilla/5.0 (Macintosh; Intel Mac OS X 10_15_0) AppleWebKit/537.36 (KHTML, like Gecko) Chrome/91.0.4472.114 Safari/537.36"
Shared by the Highest Bidder,Tori Chase,Length: 12 hrs and 11 mins,"Mozilla/5.0 (Macintosh; Intel Mac OS X 10_15_0) AppleWebKit/537.36 (KHTML, like Gecko) Chrome/91.0.4472.114 Safari/537.36"
Iron Flame (Part 2 of 2) (Dramatized Adaptation),Rebecca Yarros,Length: 9 hrs and 27 mins,"Mozilla/5.0 (Macintosh; Intel Mac OS X 10_15_0) AppleWebKit/537.36 (KHTML, like Gecko) Chrome/91.0.4472.114 Safari/537.36"
A Court of Mist and Fury,Sarah J. Maas,Length: 23 hrs and 16 mins,"Mozilla/5.0 (Macintosh; Intel Mac OS X 10_15_0) AppleWebKit/537.36 (KHTML, like Gecko) Chrome/91.0.4472.114 Safari/537.36"
Breaking the Habit of Being Yourself,Joe Dispenza,Length: 10 hrs and 49 mins,"Mozilla/5.0 (Macintosh; Intel Mac OS X 10_15_0) AppleWebKit/537.36 (KHTML, like Gecko) Chrome/91.0.4472.114 Safari/537.36"
Priest: A Love Story,Sierra Simone,Length: 8 hrs and 7 mins,"Mozilla/5.0 (Macintosh; Intel Mac OS X 10_15_0) AppleWebKit/537.36 (KHTML, like Gecko) Chrome/91.0.4472.114 Safari/537.36"
Iron Flame,Rebecca Yarros,Length: 28 hrs and 16 mins,"Mozilla/5.0 (Macintosh; Intel Mac OS X 10_15_0) AppleWebKit/537.36 (KHTML, like Gecko) Chrome/91.0.4472.114 Safari/537.36"
Meditations,Marcus Aurelius,Length: 4 hrs and 26 mins,"Mozilla/5.0 (Macintosh; Intel Mac OS X 10_15_0) AppleWebKit/537.36 (KHTML, like Gecko) Chrome/91.0.4472.114 Safari/537.36"
The Five Year Lie,Sarina Bowen,Length: 12 hrs and 41 mins,"Mozilla/5.0 (Macintosh; Intel Mac OS X 10_15_0) AppleWebKit/537.36 (KHTML, like Gecko) Chrome/91.0.4472.114 Safari/537.36"
Golden Son,Pierce Brown,Length: 19 hrs and 3 mins,"Mozilla/5.0 (Macintosh; Intel Mac OS X 10_15_0) AppleWebKit/537.36 (KHTML, like Gecko) Chrome/91.0.4472.114 Safari/537.36"
Hunting Adeline,H. D. Carlton,Length: 17 hrs and 24 mins,"Mozilla/5.0 (Macintosh; Intel Mac OS X 10_15_0) AppleWebKit/537.36 (KHTML, like Gecko) Chrome/91.0.4472.114 Safari/537.36"
Peace & Quiet,Grey Huffington,Length: 2 hrs and 3 mins,"Mozilla/5.0 (Macintosh; Intel Mac OS X 10_15_0) AppleWebKit/537.36 (KHTML, like Gecko) Chrome/91.0.4472.114 Safari/537.36"
One Dark Window,Rachel Gillig,Length: 12 hrs and 44 mins,"Mozilla/5.0 (Macintosh; Intel Mac OS X 10_15_0) AppleWebKit/537.36 (KHTML, like Gecko) Chrome/91.0.4472.114 Safari/537.36"
Iron Flame (Part 1 of 2) (Dramatized Adaptation),Rebecca Yarros,Length: 11 hrs and 38 mins,"Mozilla/5.0 (Macintosh; Intel Mac OS X 10_15_0) AppleWebKit/537.36 (KHTML, like Gecko) Chrome/91.0.4472.114 Safari/537.36"
"Harry Potter and the Goblet of Fire, Book 4",J.K. Rowling,Length: 20 hrs and 36 mins,"Mozilla/5.0 (Macintosh; Intel Mac OS X 10_15_0) AppleWebKit/537.36 (KHTML, like Gecko) Chrome/91.0.4472.114 Safari/537.36"
Outlive,"Peter Attia MD,Bill Gifford - contributor",Length: 17 hrs and 7 mins,"Mozilla/5.0 (Macintosh; Intel Mac OS X 10_15_0) AppleWebKit/537.36 (KHTML, like Gecko) Chrome/91.0.4472.114 Safari/537.36"
A Court of Silver Flames,Sarah J. Maas,Length: 26 hrs and 5 mins,"Mozilla/5.0 (Macintosh; Intel Mac OS X 10_15_0) AppleWebKit/537.36 (KHTML, like Gecko) Chrome/91.0.4472.114 Safari/537.36"
Hunting Adeline,H. D. Carlton,Length: 17 hrs and 24 mins,"Mozilla/5.0 (Macintosh; Intel Mac OS X 10_15_0) AppleWebKit/537.36 (KHTML, like Gecko) Chrome/91.0.4472.114 Safari/537.36"
Peace & Quiet,Grey Huffington,Length: 2 hrs and 3 mins,"Mozilla/5.0 (Macintosh; Intel Mac OS X 10_15_0) AppleWebKit/537.36 (KHTML, like Gecko) Chrome/91.0.4472.114 Safari/537.36"
One Dark Window,Rachel Gillig,Length: 12 hrs and 44 mins,"Mozilla/5.0 (Macintosh; Intel Mac OS X 10_15_0) AppleWebKit/537.36 (KHTML, like Gecko) Chrome/91.0.4472.114 Safari/537.36"
"Harry Potter and the Goblet of Fire, Book 4",J.K. Rowling,Length: 20 hrs and 36 mins,"Mozilla/5.0 (Macintosh; Intel Mac OS X 10_15_0) AppleWebKit/537.36 (KHTML, like Gecko) Chrome/91.0.4472.114 Safari/537.36"
Outlive,"Peter Attia MD,Bill Gifford - contributor",Length: 17 hrs and 7 mins,"Mozilla/5.0 (Macintosh; Intel Mac OS X 10_15_0) AppleWebKit/537.36 (KHTML, like Gecko) Chrome/91.0.4472.114 Safari/537.36"
A Court of Silver Flames,Sarah J. Maas,Length: 26 hrs and 5 mins,"Mozilla/5.0 (Macintosh; Intel Mac OS X 10_15_0) AppleWebKit/537.36 (KHTML, like Gecko) Chrome/91.0.4472.114 Safari/537.36"
"Chance, Annotated",Joseph Conrad,Length: 16 hrs and 54 mins,"Mozilla/5.0 (Macintosh; Intel Mac OS X 10_15_0) AppleWebKit/537.36 (KHTML, like Gecko) Chrome/91.0.4472.114 Safari/537.36"
Dune Messiah,Frank Herbert,Length: 8 hrs and 57 mins,"Mozilla/5.0 (Macintosh; Intel Mac OS X 10_15_0) AppleWebKit/537.36 (KHTML, like Gecko) Chrome/91.0.4472.114 Safari/537.36"
Fourth Wing,Rebecca Yarros,Length: 21 hrs and 22 mins,"Mozilla/5.0 (Macintosh; Intel Mac OS X 10_15_0) AppleWebKit/537.36 (KHTML, like Gecko) Chrome/91.0.4472.114 Safari/537.36"
"The America Falls Omnibus, Books 1-11",Scott Medbury,Length: 59 hrs and 35 mins,"Mozilla/5.0 (Macintosh; Intel Mac OS X 10_15_0) AppleWebKit/537.36 (KHTML, like Gecko) Chrome/91.0.4472.114 Safari/537.36"
My Pucking Crush,"Tori Chase,Deborah Garland",Length: 8 hrs and 28 mins,"Mozilla/5.0 (Macintosh; Intel Mac OS X 10_15_0) AppleWebKit/537.36 (KHTML, like Gecko) Chrome/91.0.4472.114 Safari/537.36"
"Co. Aytch,' Maury Grays, First Tennessee Regiment Or, A Side Show of the Big Show",Sam R. Watkins,Length: 8 hrs,"Mozilla/5.0 (Macintosh; Intel Mac OS X 10_15_0) AppleWebKit/537.36 (KHTML, like Gecko) Chrome/91.0.4472.114 Safari/537.36"
Able Bodied Soldier 1,"Jason Anspach,J.N. Chaney",Length: 12 hrs and 47 mins,"Mozilla/5.0 (Macintosh; Intel Mac OS X 10_15_0) AppleWebKit/537.36 (KHTML, like Gecko) Chrome/91.0.4472.114 Safari/537.36"
Dino Tribes Omnibus: Books 1-3,Marcus Sloss,Length: 34 hrs and 28 mins,"Mozilla/5.0 (Macintosh; Intel Mac OS X 10_15_0) AppleWebKit/537.36 (KHTML, like Gecko) Chrome/91.0.4472.114 Safari/537.36"
Wool,Hugh Howey,Length: 15 hrs,"Mozilla/5.0 (Macintosh; Intel Mac OS X 10_15_0) AppleWebKit/537.36 (KHTML, like Gecko) Chrome/91.0.4472.114 Safari/537.36"
Cozy Witch Mysteries: Special Edition Box Set of 8 Books,Angela Pepper,Length: 77 hrs and 20 mins,"Mozilla/5.0 (Macintosh; Intel Mac OS X 10_15_0) AppleWebKit/537.36 (KHTML, like Gecko) Chrome/91.0.4472.114 Safari/537.36"
Magebreaker 2,Declan Court,Length: 12 hrs and 21 mins,"Mozilla/5.0 (Macintosh; Intel Mac OS X 10_15_0) AppleWebKit/537.36 (KHTML, like Gecko) Chrome/91.0.4472.114 Safari/537.36"
La psicologÃ­a del dinero,"Morgan Housel,Arnau Figueras Deulofeu",Length: 7 hrs and 28 mins,"Mozilla/5.0 (Macintosh; Intel Mac OS X 10_15_0) AppleWebKit/537.36 (KHTML, like Gecko) Chrome/91.0.4472.114 Safari/537.36"
Ineligible Receiver,"Emerson Beckett,Rheland Richmond",Length: 9 hrs and 12 mins,"Mozilla/5.0 (Macintosh; Intel Mac OS X 10_15_0) AppleWebKit/537.36 (KHTML, like Gecko) Chrome/91.0.4472.114 Safari/537.36"
Hellmarine: They Shall Know Fear,"Virgil Knightley,Alphonse Fisk",Length: 13 hrs and 12 mins,"Mozilla/5.0 (Macintosh; Intel Mac OS X 10_15_0) AppleWebKit/537.36 (KHTML, like Gecko) Chrome/91.0.4472.114 Safari/537.36"
The Hobbit,J. R. R. Tolkien,Length: 10 hrs and 25 mins,"Mozilla/5.0 (Macintosh; Intel Mac OS X 10_15_0) AppleWebKit/537.36 (KHTML, like Gecko) Chrome/91.0.4472.114 Safari/537.36"
Bonds of Hercules,Jasmine Mas,Length: 12 hrs,"Mozilla/5.0 (Macintosh; Intel Mac OS X 10_15_0) AppleWebKit/537.36 (KHTML, like Gecko) Chrome/91.0.4472.114 Safari/537.36"
"Harry Potter and the Half-Blood Prince, Book 6",J.K. Rowling,Length: 18 hrs and 32 mins,"Mozilla/5.0 (Macintosh; Intel Mac OS X 10_15_0) AppleWebKit/537.36 (KHTML, like Gecko) Chrome/91.0.4472.114 Safari/537.36"
Heir of Fire,Sarah J. Maas,Length: 17 hrs and 56 mins,"Mozilla/5.0 (Macintosh; Intel Mac OS X 10_15_0) AppleWebKit/537.36 (KHTML, like Gecko) Chrome/91.0.4472.114 Safari/537.36"
Bad Little Bride,Meagan Brandy,Length: 12 hrs and 59 mins,"Mozilla/5.0 (Macintosh; Intel Mac OS X 10_15_0) AppleWebKit/537.36 (KHTML, like Gecko) Chrome/91.0.4472.114 Safari/537.36"
Fourth Wing (Part 1 of 2) (Dramatized Adaptation),Rebecca Yarros,Length: 7 hrs and 52 mins,"Mozilla/5.0 (Macintosh; Intel Mac OS X 10_15_0) AppleWebKit/537.36 (KHTML, like Gecko) Chrome/91.0.4472.114 Safari/537.36"
1 Last Shot,Nikki Castle,Length: 11 hrs and 9 mins,"Mozilla/5.0 (Macintosh; Intel Mac OS X 10_15_0) AppleWebKit/537.36 (KHTML, like Gecko) Chrome/91.0.4472.114 Safari/537.36"
The Life Impossible,Matt Haig,Length: 10 hrs and 43 mins,"Mozilla/5.0 (Macintosh; Intel Mac OS X 10_15_0) AppleWebKit/537.36 (KHTML, like Gecko) Chrome/91.0.4472.114 Safari/537.36"
Second Chance Swordsman 4,Jakob Tanner,Length: 12 hrs and 38 mins,"Mozilla/5.0 (Macintosh; Intel Mac OS X 10_15_0) AppleWebKit/537.36 (KHTML, like Gecko) Chrome/91.0.4472.114 Safari/537.36"
The Sunlit Man: A Cosmere Novel (Dramatized Adaptation),Brandon Sanderson,Length: 9 hrs,"Mozilla/5.0 (Macintosh; Intel Mac OS X 10_15_0) AppleWebKit/537.36 (KHTML, like Gecko) Chrome/91.0.4472.114 Safari/537.36"
One by One,Freida McFadden,Length: 6 hrs and 42 mins,"Mozilla/5.0 (Macintosh; Intel Mac OS X 10_15_0) AppleWebKit/537.36 (KHTML, like Gecko) Chrome/91.0.4472.114 Safari/537.36"
The Adventure of the Seven Christmas Cards,Anthony Horowitz,Length: 57 mins,"Mozilla/5.0 (Macintosh; Intel Mac OS X 10_15_0) AppleWebKit/537.36 (KHTML, like Gecko) Chrome/91.0.4472.114 Safari/537.36"
"The Word of Promise Audio Bibleâ€”New King James Version, NKJV: Complete Bible",Thomas Nelson Inc.,Length: 98 hrs and 1 min,"Mozilla/5.0 (Macintosh; Intel Mac OS X 10_15_0) AppleWebKit/537.36 (KHTML, like Gecko) Chrome/91.0.4472.114 Safari/537.36"
The Consequences,Manuel MuÃ±oz,Length: 6 hrs and 13 mins,"Mozilla/5.0 (Macintosh; Intel Mac OS X 10_15_0) AppleWebKit/537.36 (KHTML, like Gecko) Chrome/91.0.4472.114 Safari/537.36"
Duty's Reward,M. Tress,Length: 16 hrs and 30 mins,"Mozilla/5.0 (Macintosh; Intel Mac OS X 10_15_0) AppleWebKit/537.36 (KHTML, like Gecko) Chrome/91.0.4472.114 Safari/537.36"
My Big TOE: Awakening,Thomas Campbell,Length: 11 hrs and 11 mins,"Mozilla/5.0 (Macintosh; Intel Mac OS X 10_15_0) AppleWebKit/537.36 (KHTML, like Gecko) Chrome/91.0.4472.114 Safari/537.36"
48 Laws of Power,Robert Greene,Length: 23 hrs and 6 mins,"Mozilla/5.0 (Macintosh; Intel Mac OS X 10_15_0) AppleWebKit/537.36 (KHTML, like Gecko) Chrome/91.0.4472.114 Safari/537.36"
"Mark of the Crijik, Books 1-4",ThinkTwice,Length: 50 hrs and 54 mins,"Mozilla/5.0 (Macintosh; Intel Mac OS X 10_15_0) AppleWebKit/537.36 (KHTML, like Gecko) Chrome/91.0.4472.114 Safari/537.36"
ONYX STORM (Italian Edition),Rebecca Yarros,Length: 25 hrs and 15 mins,"Mozilla/5.0 (Macintosh; Intel Mac OS X 10_15_0) AppleWebKit/537.36 (KHTML, like Gecko) Chrome/91.0.4472.114 Safari/537.36"
"Harry Potter and the Deathly Hallows, Book 7",J.K. Rowling,Length: 21 hrs and 36 mins,"Mozilla/5.0 (Macintosh; Intel Mac OS X 10_15_0) AppleWebKit/537.36 (KHTML, like Gecko) Chrome/91.0.4472.114 Safari/537.36"
"Harry Potter and the Deathly Hallows, Book 7",J.K. Rowling,Length: 21 hrs and 36 mins,"Mozilla/5.0 (Macintosh; Intel Mac OS X 10_15_0) AppleWebKit/537.36 (KHTML, like Gecko) Chrome/91.0.4472.114 Safari/537.36"
Wicked,Gregory Maguire,Length: 19 hrs and 42 mins,"Mozilla/5.0 (Macintosh; Intel Mac OS X 10_15_0) AppleWebKit/537.36 (KHTML, like Gecko) Chrome/91.0.4472.114 Safari/537.36"
The Finish Line,Kate Stewart,Length: 14 hrs and 39 mins,"Mozilla/5.0 (Macintosh; Intel Mac OS X 10_15_0) AppleWebKit/537.36 (KHTML, like Gecko) Chrome/91.0.4472.114 Safari/537.36"
"The Witches of Scotland: The Complete Series, Books 1-8",Steven P Aitchison,Length: 32 hrs and 7 mins,"Mozilla/5.0 (Macintosh; Intel Mac OS X 10_15_0) AppleWebKit/537.36 (KHTML, like Gecko) Chrome/91.0.4472.114 Safari/537.36"
A People's History of the United States,Howard Zinn,Length: 34 hrs and 8 mins,"Mozilla/5.0 (Macintosh; Intel Mac OS X 10_15_0) AppleWebKit/537.36 (KHTML, like Gecko) Chrome/91.0.4472.114 Safari/537.36"
Ineligible Receiver,"Emerson Beckett,Rheland Richmond",Length: 9 hrs and 12 mins,"Mozilla/5.0 (Macintosh; Intel Mac OS X 10_15_0) AppleWebKit/537.36 (KHTML, like Gecko) Chrome/91.0.4472.114 Safari/537.36"
Lost Light: The Complete Survival Thriller Series Box Set,Kyla Stone,Length: 55 hrs and 51 mins,"Mozilla/5.0 (Macintosh; Intel Mac OS X 10_15_0) AppleWebKit/537.36 (KHTML, like Gecko) Chrome/91.0.4472.114 Safari/537.36"
Project Hail Mary,Andy Weir,Length: 16 hrs and 10 mins,"Mozilla/5.0 (Macintosh; Intel Mac OS X 10_15_0) AppleWebKit/537.36 (KHTML, like Gecko) Chrome/91.0.4472.114 Safari/537.36"
The History of the Ancient World,Susan Wise Bauer,Length: 26 hrs and 20 mins,"Mozilla/5.0 (Macintosh; Intel Mac OS X 10_15_0) AppleWebKit/537.36 (KHTML, like Gecko) Chrome/91.0.4472.114 Safari/537.36"
A Court of Thorns and Roses,Sarah J. Maas,Length: 16 hrs and 7 mins,"Mozilla/5.0 (Macintosh; Intel Mac OS X 10_15_0) AppleWebKit/537.36 (KHTML, like Gecko) Chrome/91.0.4472.114 Safari/537.36"
The Big Empty,Robert Crais,Length: 8 hrs and 25 mins,"Mozilla/5.0 (Macintosh; Intel Mac OS X 10_15_0) AppleWebKit/537.36 (KHTML, like Gecko) Chrome/91.0.4472.114 Safari/537.36"
Does It Hurt?,H. D. Carlton,Length: 12 hrs and 7 mins,"Mozilla/5.0 (Macintosh; Intel Mac OS X 10_15_0) AppleWebKit/537.36 (KHTML, like Gecko) Chrome/91.0.4472.114 Safari/537.36"
Diary of a Wimpy Kid: Hot Mess,Jeff Kinney,Length: 2 hrs and 6 mins,"Mozilla/5.0 (Macintosh; Intel Mac OS X 10_15_0) AppleWebKit/537.36 (KHTML, like Gecko) Chrome/91.0.4472.114 Safari/537.36"
Morning Star,Pierce Brown,Length: 21 hrs and 50 mins,"Mozilla/5.0 (Macintosh; Intel Mac OS X 10_15_0) AppleWebKit/537.36 (KHTML, like Gecko) Chrome/91.0.4472.114 Safari/537.36"
Hunting Adeline,H. D. Carlton,Length: 21 hrs and 49 mins,"Mozilla/5.0 (Macintosh; Intel Mac OS X 10_15_0) AppleWebKit/537.36 (KHTML, like Gecko) Chrome/91.0.4472.114 Safari/537.36"
Forever with the CEO,Layla Hagen,Length: 8 hrs and 25 mins,"Mozilla/5.0 (Macintosh; Intel Mac OS X 10_15_0) AppleWebKit/537.36 (KHTML, like Gecko) Chrome/91.0.4472.114 Safari/537.36"
"Au Revoir, My Duke","Amanda Mariel,Wallflowers Revenge",Length: 4 hrs,"Mozilla/5.0 (Macintosh; Intel Mac OS X 10_15_0) AppleWebKit/537.36 (KHTML, like Gecko) Chrome/91.0.4472.114 Safari/537.36"
The Darkwood Trilogy,Anthea Sharp,Length: 33 hrs and 27 mins,"Mozilla/5.0 (Macintosh; Intel Mac OS X 10_15_0) AppleWebKit/537.36 (KHTML, like Gecko) Chrome/91.0.4472.114 Safari/537.36"
"Azarinth Healer, Book Four",Rhaegar,Length: 23 hrs and 2 mins,"Mozilla/5.0 (Macintosh; Intel Mac OS X 10_15_0) AppleWebKit/537.36 (KHTML, like Gecko) Chrome/91.0.4472.114 Safari/537.36"
"Harry Potter and the Chamber of Secrets, Book 2",J.K. Rowling,Length: 9 hrs and 2 mins,"Mozilla/5.0 (Macintosh; Intel Mac OS X 10_15_0) AppleWebKit/537.36 (KHTML, like Gecko) Chrome/91.0.4472.114 Safari/537.36"
"Greater Than a Tourist: Hamburg, Germany","Greater Than a Tourist,Nicola Coutinho",Length: 37 mins,"Mozilla/5.0 (Macintosh; Intel Mac OS X 10_15_0) AppleWebKit/537.36 (KHTML, like Gecko) Chrome/91.0.4472.114 Safari/537.36"
"Harry Potter and the Chamber of Secrets, Book 2",J.K. Rowling,Length: 9 hrs and 2 mins,"Mozilla/5.0 (Macintosh; Intel Mac OS X 10_15_0) AppleWebKit/537.36 (KHTML, like Gecko) Chrome/91.0.4472.114 Safari/537.36"
"Harry Potter and the Prisoner of Azkaban, Book 3",J.K. Rowling,Length: 11 hrs and 49 mins,"Mozilla/5.0 (Macintosh; Intel Mac OS X 10_15_0) AppleWebKit/537.36 (KHTML, like Gecko) Chrome/91.0.4472.114 Safari/537.36"
"Harry Potter and the Order of the Phoenix, Book 5",J.K. Rowling,Length: 26 hrs and 28 mins,"Mozilla/5.0 (Macintosh; Intel Mac OS X 10_15_0) AppleWebKit/537.36 (KHTML, like Gecko) Chrome/91.0.4472.114 Safari/537.36"
A Sinner's Virtue,Kylie Kent,Length: 6 hrs and 30 mins,"Mozilla/5.0 (Macintosh; Intel Mac OS X 10_15_0) AppleWebKit/537.36 (KHTML, like Gecko) Chrome/91.0.4472.114 Safari/537.36"
"An Irish Village Mystery Bundle, Books 1-3",Carlene O'Connor,Length: 29 hrs and 55 mins,"Mozilla/5.0 (Macintosh; Intel Mac OS X 10_15_0) AppleWebKit/537.36 (KHTML, like Gecko) Chrome/91.0.4472.114 Safari/537.36"
My Bull's Desire (Part 2),Lena White,Length: 1 hr and 23 mins,"Mozilla/5.0 (Macintosh; Intel Mac OS X 10_15_0) AppleWebKit/537.36 (KHTML, like Gecko) Chrome/91.0.4472.114 Safari/537.36"
30 Days to a New Relationship with Alcohol,"Holly Whitaker,30-Day Guides to Improve Your Life",Length: 3 hrs and 52 mins,"Mozilla/5.0 (Macintosh; Intel Mac OS X 10_15_0) AppleWebKit/537.36 (KHTML, like Gecko) Chrome/91.0.4472.114 Safari/537.36"
The Unplanned Wedding,L. Steele,Length: 13 hrs and 51 mins,"Mozilla/5.0 (Macintosh; Intel Mac OS X 10_15_0) AppleWebKit/537.36 (KHTML, like Gecko) Chrome/91.0.4472.114 Safari/537.36"
Never Lie,Freida McFadden,Length: 7 hrs and 20 mins,"Mozilla/5.0 (Macintosh; Intel Mac OS X 10_15_0) AppleWebKit/537.36 (KHTML, like Gecko) Chrome/91.0.4472.114 Safari/537.36"
11-22-63,Stephen King,Length: 30 hrs and 40 mins,"Mozilla/5.0 (Macintosh; Intel Mac OS X 10_15_0) AppleWebKit/537.36 (KHTML, like Gecko) Chrome/91.0.4472.114 Safari/537.36"
Revenge of the Tipping Point,Malcolm Gladwell,Length: 8 hrs and 25 mins,"Mozilla/5.0 (Macintosh; Intel Mac OS X 10_15_0) AppleWebKit/537.36 (KHTML, like Gecko) Chrome/91.0.4472.114 Safari/537.36"
Tempest of Wrath and Vengeance,Melissa Roehrich,Length: 22 hrs and 47 mins,"Mozilla/5.0 (Macintosh; Intel Mac OS X 10_15_0) AppleWebKit/537.36 (KHTML, like Gecko) Chrome/91.0.4472.114 Safari/537.36"
Sound Therapy: Emotional Stability (285.5 Hz),Audible Sleep,Length: 24 mins,"Mozilla/5.0 (Macintosh; Intel Mac OS X 10_15_0) AppleWebKit/537.36 (KHTML, like Gecko) Chrome/91.0.4472.114 Safari/537.36"
The Girl from Blind River,Gale Massey,Length: 7 hrs and 55 mins,"Mozilla/5.0 (Macintosh; Intel Mac OS X 10_15_0) AppleWebKit/537.36 (KHTML, like Gecko) Chrome/91.0.4472.114 Safari/537.36"
A Kingdom of Flesh and Fire,Jennifer L. Armentrout,Length: 24 hrs and 21 mins,"Mozilla/5.0 (Macintosh; Intel Mac OS X 10_15_0) AppleWebKit/537.36 (KHTML, like Gecko) Chrome/91.0.4472.114 Safari/537.36"
Not Till We Are Lost,Dennis E. Taylor,Length: 11 hrs and 41 mins,"Mozilla/5.0 (Macintosh; Intel Mac OS X 10_15_0) AppleWebKit/537.36 (KHTML, like Gecko) Chrome/91.0.4472.114 Safari/537.36"
Torrent Witches Cozy Mysteries Complete Box Set: Books 1-10,Tess Lake,Length: 65 hrs and 31 mins,"Mozilla/5.0 (Macintosh; Intel Mac OS X 10_15_0) AppleWebKit/537.36 (KHTML, like Gecko) Chrome/91.0.4472.114 Safari/537.36"
Orc's Craving,Ava Ross,Length: 6 hrs and 44 mins,"Mozilla/5.0 (Macintosh; Intel Mac OS X 10_15_0) AppleWebKit/537.36 (KHTML, like Gecko) Chrome/91.0.4472.114 Safari/537.36"
HÃ¡bitos atÃ³micos (EspaÃ±ol neutro),James Clear,Length: 9 hrs and 1 min,"Mozilla/5.0 (Macintosh; Intel Mac OS X 10_15_0) AppleWebKit/537.36 (KHTML, like Gecko) Chrome/91.0.4472.114 Safari/537.36"
C. S. Lewis Essential Audio Library,C. S. Lewis,Length: 38 hrs and 50 mins,"Mozilla/5.0 (Macintosh; Intel Mac OS X 10_15_0) AppleWebKit/537.36 (KHTML, like Gecko) Chrome/91.0.4472.114 Safari/537.36"
Come As You Are: Revised and Updated,Emily Nagoski PhD,Length: 11 hrs and 30 mins,"Mozilla/5.0 (Macintosh; Intel Mac OS X 10_15_0) AppleWebKit/537.36 (KHTML, like Gecko) Chrome/91.0.4472.114 Safari/537.36"
A Sinner's Virtue,Kylie Kent,Length: 6 hrs and 30 mins,"Mozilla/5.0 (Macintosh; Intel Mac OS X 10_15_0) AppleWebKit/537.36 (KHTML, like Gecko) Chrome/91.0.4472.114 Safari/537.36"
Wind and Truth,Brandon Sanderson,Length: 62 hrs and 48 mins,"Mozilla/5.0 (Macintosh; Intel Mac OS X 10_15_0) AppleWebKit/537.36 (KHTML, like Gecko) Chrome/91.0.4472.114 Safari/537.36"
Empire of the Summer Moon,S. C. Gwynne,Length: 15 hrs and 9 mins,"Mozilla/5.0 (Macintosh; Intel Mac OS X 10_15_0) AppleWebKit/537.36 (KHTML, like Gecko) Chrome/91.0.4472.114 Safari/537.36"
The Let Them Theory,Mel Robbins,Length: 10 hrs and 38 mins,"Mozilla/5.0 (Macintosh; Intel Mac OS X 10_15_0) AppleWebKit/537.36 (KHTML, like Gecko) Chrome/91.0.4472.114 Safari/537.36"
Rafferty,Sawyer Bennett,Length: 6 hrs and 13 mins,"Mozilla/5.0 (Macintosh; Intel Mac OS X 10_15_0) AppleWebKit/537.36 (KHTML, like Gecko) Chrome/91.0.4472.114 Safari/537.36"
Never Finished,David Goggins,Length: 11 hrs and 6 mins,"Mozilla/5.0 (Macintosh; Intel Mac OS X 10_15_0) AppleWebKit/537.36 (KHTML, like Gecko) Chrome/91.0.4472.114 Safari/537.36"
The First and Last Deception,Daniel O'Connor,Length: 15 hrs and 29 mins,"Mozilla/5.0 (Macintosh; Intel Mac OS X 10_15_0) AppleWebKit/537.36 (KHTML, like Gecko) Chrome/91.0.4472.114 Safari/537.36"
Dino Tribes Omnibus: Books 1-3,Marcus Sloss,Length: 34 hrs and 28 mins,"Mozilla/5.0 (Macintosh; Intel Mac OS X 10_15_0) AppleWebKit/537.36 (KHTML, like Gecko) Chrome/91.0.4472.114 Safari/537.36"
The Client,John Grisham,Length: 14 hrs and 20 mins,"Mozilla/5.0 (Macintosh; Intel Mac OS X 10_15_0) AppleWebKit/537.36 (KHTML, like Gecko) Chrome/91.0.4472.114 Safari/537.36"
Fae and Fare,pirateaba,Length: 61 hrs and 4 mins,"Mozilla/5.0 (Macintosh; Intel Mac OS X 10_15_0) AppleWebKit/537.36 (KHTML, like Gecko) Chrome/91.0.4472.114 Safari/537.36"
Onyx Storm,Rebecca Yarros,Length: 23 hrs and 52 mins,"Mozilla/5.0 (Macintosh; Intel Mac OS X 10_15_0) AppleWebKit/537.36 (KHTML, like Gecko) Chrome/91.0.4472.114 Safari/537.36"
Cadaver: The Complete Zombie Apocalypse Series,Nick Clausen,Length: 36 hrs and 54 mins,"Mozilla/5.0 (Macintosh; Intel Mac OS X 10_15_0) AppleWebKit/537.36 (KHTML, like Gecko) Chrome/91.0.4472.114 Safari/537.36"
The Women,Kristin Hannah,Length: 14 hrs and 57 mins,"Mozilla/5.0 (Macintosh; Intel Mac OS X 10_15_0) AppleWebKit/537.36 (KHTML, like Gecko) Chrome/91.0.4472.114 Safari/537.36"
Duty's Reward,M. Tress,Length: 16 hrs and 30 mins,"Mozilla/5.0 (Macintosh; Intel Mac OS X 10_15_0) AppleWebKit/537.36 (KHTML, like Gecko) Chrome/91.0.4472.114 Safari/537.36"
Hideaway,Roger Hayden,Length: 13 hrs and 49 mins,"Mozilla/5.0 (Macintosh; Intel Mac OS X 10_15_0) AppleWebKit/537.36 (KHTML, like Gecko) Chrome/91.0.4472.114 Safari/537.36"
Enticing,Bella Matthews,Length: 6 hrs and 32 mins,"Mozilla/5.0 (Macintosh; Intel Mac OS X 10_15_0) AppleWebKit/537.36 (KHTML, like Gecko) Chrome/91.0.4472.114 Safari/537.36"
Bean,"Nora Phoenix,E.M. Lindsey",Length: 8 hrs and 50 mins,"Mozilla/5.0 (Macintosh; Intel Mac OS X 10_15_0) AppleWebKit/537.36 (KHTML, like Gecko) Chrome/91.0.4472.114 Safari/537.36"
The Many Lives of Anne Frank,Ruth Franklin,Length: 12 hrs and 37 mins,"Mozilla/5.0 (Macintosh; Intel Mac OS X 10_15_0) AppleWebKit/537.36 (KHTML, like Gecko) Chrome/91.0.4472.114 Safari/537.36"
Glisser,Jane Washington,Length: 15 hrs and 46 mins,"Mozilla/5.0 (Macintosh; Intel Mac OS X 10_15_0) AppleWebKit/537.36 (KHTML, like Gecko) Chrome/91.0.4472.114 Safari/537.36"
The Subtle Art of Not Giving a F*ck,Mark Manson,Length: 5 hrs and 17 mins,"Mozilla/5.0 (Macintosh; Intel Mac OS X 10_15_0) AppleWebKit/537.36 (KHTML, like Gecko) Chrome/91.0.4472.114 Safari/537.36"
Monster Ranch 1: A LitRPG Adventure,Dante King,Length: 8 hrs and 24 mins,"Mozilla/5.0 (Macintosh; Intel Mac OS X 10_15_0) AppleWebKit/537.36 (KHTML, like Gecko) Chrome/91.0.4472.114 Safari/537.36"
Mark of the Fool 7,J.M. Clarke,Length: 21 hrs and 27 mins,"Mozilla/5.0 (Macintosh; Intel Mac OS X 10_15_0) AppleWebKit/537.36 (KHTML, like Gecko) Chrome/91.0.4472.114 Safari/537.36"
The Sensitive Patient's Healing Guide,"Neil Nathan MD,Jill Crista ND -foreword by",Length: 19 hrs and 39 mins,"Mozilla/5.0 (Macintosh; Intel Mac OS X 10_15_0) AppleWebKit/537.36 (KHTML, like Gecko) Chrome/91.0.4472.114 Safari/537.36"
Poison Garden,L J Ross,Length: 8 hrs and 1 min,"Mozilla/5.0 (Macintosh; Intel Mac OS X 10_15_0) AppleWebKit/537.36 (KHTML, like Gecko) Chrome/91.0.4472.114 Safari/537.36"
Warrior Fae,"Caroline Peckham,Susanne Valenti",Length: 29 hrs and 37 mins,"Mozilla/5.0 (Macintosh; Intel Mac OS X 10_15_0) AppleWebKit/537.36 (KHTML, like Gecko) Chrome/91.0.4472.114 Safari/537.36"
Weapons Free,Rick Partlow,Length: 7 hrs and 51 mins,"Mozilla/5.0 (Macintosh; Intel Mac OS X 10_15_0) AppleWebKit/537.36 (KHTML, like Gecko) Chrome/91.0.4472.114 Safari/537.36"
Charlotte Gibson Mysteries Books 4-6 Boxed Set,Jasmine Webb,Length: 17 hrs and 52 mins,"Mozilla/5.0 (Macintosh; Intel Mac OS X 10_15_0) AppleWebKit/537.36 (KHTML, like Gecko) Chrome/91.0.4472.114 Safari/537.36"
"Jaiden, the King Who Got Me",Miss Jenesequa,Length: 11 hrs and 28 mins,"Mozilla/5.0 (Macintosh; Intel Mac OS X 10_15_0) AppleWebKit/537.36 (KHTML, like Gecko) Chrome/91.0.4472.114 Safari/537.36"
Chimera's Fall,Glynn Stewart,Length: 12 hrs and 47 mins,"Mozilla/5.0 (Macintosh; Intel Mac OS X 10_15_0) AppleWebKit/537.36 (KHTML, like Gecko) Chrome/91.0.4472.114 Safari/537.36"
Dune,Frank Herbert,Length: 21 hrs and 2 mins,"Mozilla/5.0 (Macintosh; Intel Mac OS X 10_15_0) AppleWebKit/537.36 (KHTML, like Gecko) Chrome/91.0.4472.114 Safari/537.36"
The Stand,Stephen King,Length: 47 hrs and 47 mins,"Mozilla/5.0 (Macintosh; Intel Mac OS X 10_15_0) AppleWebKit/537.36 (KHTML, like Gecko) Chrome/91.0.4472.114 Safari/537.36"
Kingdom of Ash,Sarah J. Maas,Length: 33 hrs and 11 mins,"Mozilla/5.0 (Macintosh; Intel Mac OS X 10_15_0) AppleWebKit/537.36 (KHTML, like Gecko) Chrome/91.0.4472.114 Safari/537.36"
The Heaven & Earth Grocery Store,James McBride,Length: 12 hrs and 21 mins,"Mozilla/5.0 (Macintosh; Intel Mac OS X 10_15_0) AppleWebKit/537.36 (KHTML, like Gecko) Chrome/91.0.4472.114 Safari/537.36"
A Dance with Dragons,George R.R. Martin,Length: 48 hrs and 55 mins,"Mozilla/5.0 (Macintosh; Intel Mac OS X 10_15_0) AppleWebKit/537.36 (KHTML, like Gecko) Chrome/91.0.4472.114 Safari/537.36"
The Midnight Arrow,Zoey Draven,Length: 5 hrs and 46 mins,"Mozilla/5.0 (Macintosh; Intel Mac OS X 10_15_0) AppleWebKit/537.36 (KHTML, like Gecko) Chrome/91.0.4472.114 Safari/537.36"
How to Talk to Anyone,Leil Lowndes,Length: 8 hrs and 59 mins,"Mozilla/5.0 (Macintosh; Intel Mac OS X 10_15_0) AppleWebKit/537.36 (KHTML, like Gecko) Chrome/91.0.4472.114 Safari/537.36"
Greenlights,Matthew McConaughey,Length: 6 hrs and 51 mins,"Mozilla/5.0 (Macintosh; Intel Mac OS X 10_15_0) AppleWebKit/537.36 (KHTML, like Gecko) Chrome/91.0.4472.114 Safari/537.36"
Catching Fire,Suzanne Collins,Length: 11 hrs and 3 mins,"Mozilla/5.0 (Macintosh; Intel Mac OS X 10_15_0) AppleWebKit/537.36 (KHTML, like Gecko) Chrome/91.0.4472.114 Safari/537.36"
"Jaiden, the King Who Got Me",Miss Jenesequa,Length: 11 hrs and 28 mins,"Mozilla/5.0 (Macintosh; Intel Mac OS X 10_15_0) AppleWebKit/537.36 (KHTML, like Gecko) Chrome/91.0.4472.114 Safari/537.36"
Dune,Frank Herbert,Length: 21 hrs and 2 mins,"Mozilla/5.0 (Macintosh; Intel Mac OS X 10_15_0) AppleWebKit/537.36 (KHTML, like Gecko) Chrome/91.0.4472.114 Safari/537.36"
The Stand,Stephen King,Length: 47 hrs and 47 mins,"Mozilla/5.0 (Macintosh; Intel Mac OS X 10_15_0) AppleWebKit/537.36 (KHTML, like Gecko) Chrome/91.0.4472.114 Safari/537.36"
Kingdom of Ash,Sarah J. Maas,Length: 33 hrs and 11 mins,"Mozilla/5.0 (Macintosh; Intel Mac OS X 10_15_0) AppleWebKit/537.36 (KHTML, like Gecko) Chrome/91.0.4472.114 Safari/537.36"
The Heaven & Earth Grocery Store,James McBride,Length: 12 hrs and 21 mins,"Mozilla/5.0 (Macintosh; Intel Mac OS X 10_15_0) AppleWebKit/537.36 (KHTML, like Gecko) Chrome/91.0.4472.114 Safari/537.36"
The Midnight Arrow,Zoey Draven,Length: 5 hrs and 46 mins,"Mozilla/5.0 (Macintosh; Intel Mac OS X 10_15_0) AppleWebKit/537.36 (KHTML, like Gecko) Chrome/91.0.4472.114 Safari/537.36"
How to Talk to Anyone,Leil Lowndes,Length: 8 hrs and 59 mins,"Mozilla/5.0 (Macintosh; Intel Mac OS X 10_15_0) AppleWebKit/537.36 (KHTML, like Gecko) Chrome/91.0.4472.114 Safari/537.36"
Catching Fire,Suzanne Collins,Length: 11 hrs and 3 mins,"Mozilla/5.0 (Macintosh; Intel Mac OS X 10_15_0) AppleWebKit/537.36 (KHTML, like Gecko) Chrome/91.0.4472.114 Safari/537.36"
The Silmarillion,"J. R. R. Tolkien,Christopher Tolkien",Length: 19 hrs and 24 mins,"Mozilla/5.0 (Macintosh; Intel Mac OS X 10_15_0) AppleWebKit/537.36 (KHTML, like Gecko) Chrome/91.0.4472.114 Safari/537.36"
BattleTech,Blaine Lee Pardoe,Length: 18 hrs and 53 mins,"Mozilla/5.0 (Macintosh; Intel Mac OS X 10_15_0) AppleWebKit/537.36 (KHTML, like Gecko) Chrome/91.0.4472.114 Safari/537.36"
Dave the Villager 37: An Unofficial Minecraft Series,Dave Villager,Length: 1 hr and 52 mins,"Mozilla/5.0 (Macintosh; Intel Mac OS X 10_15_0) AppleWebKit/537.36 (KHTML, like Gecko) Chrome/91.0.4472.114 Safari/537.36"
Curvy Girl Summer,Danielle Allen,Length: 12 hrs and 23 mins,"Mozilla/5.0 (Macintosh; Intel Mac OS X 10_15_0) AppleWebKit/537.36 (KHTML, like Gecko) Chrome/91.0.4472.114 Safari/537.36"
Star Wars: Darth Plagueis,James Luceno,Length: 14 hrs and 45 mins,"Mozilla/5.0 (Macintosh; Intel Mac OS X 10_15_0) AppleWebKit/537.36 (KHTML, like Gecko) Chrome/91.0.4472.114 Safari/537.36"
Overpowered Wizard,Hunter Mythos,Length: 34 hrs and 19 mins,"Mozilla/5.0 (Macintosh; Intel Mac OS X 10_15_0) AppleWebKit/537.36 (KHTML, like Gecko) Chrome/91.0.4472.114 Safari/537.36"
Cher: Part One,Cher,Length: 15 hrs and 47 mins,"Mozilla/5.0 (Macintosh; Intel Mac OS X 10_15_0) AppleWebKit/537.36 (KHTML, like Gecko) Chrome/91.0.4472.114 Safari/537.36"
The Cloverleigh Farms Collection,Melanie Harlow,Length: 41 hrs and 50 mins,"Mozilla/5.0 (Macintosh; Intel Mac OS X 10_15_0) AppleWebKit/537.36 (KHTML, like Gecko) Chrome/91.0.4472.114 Safari/537.36"
He Who Fights with Monsters: A LitRPG Adventure,"Shirtaloon,Travis Deverell",Length: 28 hrs and 56 mins,"Mozilla/5.0 (Macintosh; Intel Mac OS X 10_15_0) AppleWebKit/537.36 (KHTML, like Gecko) Chrome/91.0.4472.114 Safari/537.36"
Flowers of Esthelm,pirateaba,Length: 37 hrs and 37 mins,"Mozilla/5.0 (Macintosh; Intel Mac OS X 10_15_0) AppleWebKit/537.36 (KHTML, like Gecko) Chrome/91.0.4472.114 Safari/537.36"
The Two Towers,J. R. R. Tolkien,Length: 16 hrs and 40 mins,"Mozilla/5.0 (Macintosh; Intel Mac OS X 10_15_0) AppleWebKit/537.36 (KHTML, like Gecko) Chrome/91.0.4472.114 Safari/537.36"
Quicksilver,Callie Hart,Length: 20 hrs and 41 mins,"Mozilla/5.0 (Macintosh; Intel Mac OS X 10_15_0) AppleWebKit/537.36 (KHTML, like Gecko) Chrome/91.0.4472.114 Safari/537.36"
Vindication's Path,Levi Werner,Length: 12 hrs and 32 mins,"Mozilla/5.0 (Macintosh; Intel Mac OS X 10_15_0) AppleWebKit/537.36 (KHTML, like Gecko) Chrome/91.0.4472.114 Safari/537.36"
Trade Mindfully,Gary Dayton,Length: 11 hrs and 54 mins,"Mozilla/5.0 (Macintosh; Intel Mac OS X 10_15_0) AppleWebKit/537.36 (KHTML, like Gecko) Chrome/91.0.4472.114 Safari/537.36"
Sister Goldeneye: Mission 11,J.S. Morin,Length: 5 hrs and 21 mins,"Mozilla/5.0 (Macintosh; Intel Mac OS X 10_15_0) AppleWebKit/537.36 (KHTML, like Gecko) Chrome/91.0.4472.114 Safari/537.36"
Gillian's Island,Cara Malone,Length: 6 hrs and 18 mins,"Mozilla/5.0 (Macintosh; Intel Mac OS X 10_15_0) AppleWebKit/537.36 (KHTML, like Gecko) Chrome/91.0.4472.114 Safari/537.36"
The Return of the King,J. R. R. Tolkien,Length: 21 hrs and 52 mins,"Mozilla/5.0 (Macintosh; Intel Mac OS X 10_15_0) AppleWebKit/537.36 (KHTML, like Gecko) Chrome/91.0.4472.114 Safari/537.36"
Jurassic Park,Michael Crichton,Length: 15 hrs and 10 mins,"Mozilla/5.0 (Macintosh; Intel Mac OS X 10_15_0) AppleWebKit/537.36 (KHTML, like Gecko) Chrome/91.0.4472.114 Safari/537.36"
"Awakening Who ""I Am""","Dan McCormick,Ken Shelton",Length: 5 hrs and 4 mins,"Mozilla/5.0 (Macintosh; Intel Mac OS X 10_15_0) AppleWebKit/537.36 (KHTML, like Gecko) Chrome/91.0.4472.114 Safari/537.36"
The Way of Kings,Brandon Sanderson,Length: 45 hrs and 30 mins,"Mozilla/5.0 (Macintosh; Intel Mac OS X 10_15_0) AppleWebKit/537.36 (KHTML, like Gecko) Chrome/91.0.4472.114 Safari/537.36"
Baby City,"Freida McFadden,Kelly Stoddard",Length: 9 hrs and 33 mins,"Mozilla/5.0 (Macintosh; Intel Mac OS X 10_15_0) AppleWebKit/537.36 (KHTML, like Gecko) Chrome/91.0.4472.114 Safari/537.36"
A Dance with Dragons,George R.R. Martin,Length: 48 hrs and 55 mins,"Mozilla/5.0 (Macintosh; Intel Mac OS X 10_15_0) AppleWebKit/537.36 (KHTML, like Gecko) Chrome/91.0.4472.114 Safari/537.36"
The Holy Bible: King James Version,King James Bible,Length: 82 hrs and 53 mins,"Mozilla/5.0 (Macintosh; Intel Mac OS X 10_15_0) AppleWebKit/537.36 (KHTML, like Gecko) Chrome/91.0.4472.114 Safari/537.36"
Saint Baptiste 2,Miss Candice,Length: 7 hrs and 37 mins,"Mozilla/5.0 (Macintosh; Intel Mac OS X 10_15_0) AppleWebKit/537.36 (KHTML, like Gecko) Chrome/91.0.4472.114 Safari/537.36"
The Housemaid,Freida McFadden,Length: 9 hrs and 46 mins,"Mozilla/5.0 (Macintosh; Intel Mac OS X 10_15_0) AppleWebKit/537.36 (KHTML, like Gecko) Chrome/91.0.4472.114 Safari/537.36"
Forged in Blood,Sadie Kincaid,Length: 10 hrs and 33 mins,"Mozilla/5.0 (Macintosh; Intel Mac OS X 10_15_0) AppleWebKit/537.36 (KHTML, like Gecko) Chrome/91.0.4472.114 Safari/537.36"
Rich Dad Poor Dad: 20th Anniversary Edition,Robert T. Kiyosaki,Length: 8 hrs and 22 mins,"Mozilla/5.0 (Macintosh; Intel Mac OS X 10_15_0) AppleWebKit/537.36 (KHTML, like Gecko) Chrome/91.0.4472.114 Safari/537.36"
Tower of Dawn,Sarah J. Maas,Length: 22 hrs and 39 mins,"Mozilla/5.0 (Macintosh; Intel Mac OS X 10_15_0) AppleWebKit/537.36 (KHTML, like Gecko) Chrome/91.0.4472.114 Safari/537.36"
The Final Empire,Brandon Sanderson,Length: 24 hrs and 39 mins,"Mozilla/5.0 (Macintosh; Intel Mac OS X 10_15_0) AppleWebKit/537.36 (KHTML, like Gecko) Chrome/91.0.4472.114 Safari/537.36"
Demon Copperhead,Barbara Kingsolver,Length: 21 hrs and 3 mins,"Mozilla/5.0 (Macintosh; Intel Mac OS X 10_15_0) AppleWebKit/537.36 (KHTML, like Gecko) Chrome/91.0.4472.114 Safari/537.36"
Be Ready When the Luck Happens,Ina Garten,Length: 8 hrs and 47 mins,"Mozilla/5.0 (Macintosh; Intel Mac OS X 10_15_0) AppleWebKit/537.36 (KHTML, like Gecko) Chrome/91.0.4472.114 Safari/537.36"
Skyshade,Alex Aster,Length: 11 hrs and 37 mins,"Mozilla/5.0 (Macintosh; Intel Mac OS X 10_15_0) AppleWebKit/537.36 (KHTML, like Gecko) Chrome/91.0.4472.114 Safari/537.36"
The Reason I Married Him,Meghan Quinn,Length: 16 hrs and 5 mins,"Mozilla/5.0 (Macintosh; Intel Mac OS X 10_15_0) AppleWebKit/537.36 (KHTML, like Gecko) Chrome/91.0.4472.114 Safari/537.36"
Remarkably Bright Creatures,Shelby Van Pelt,Length: 11 hrs and 16 mins,"Mozilla/5.0 (Macintosh; Intel Mac OS X 10_15_0) AppleWebKit/537.36 (KHTML, like Gecko) Chrome/91.0.4472.114 Safari/537.36"
James,Percival Everett,Length: 7 hrs and 49 mins,"Mozilla/5.0 (Macintosh; Intel Mac OS X 10_15_0) AppleWebKit/537.36 (KHTML, like Gecko) Chrome/91.0.4472.114 Safari/537.36"
The Anxious Generation,Jonathan Haidt,Length: 10 hrs and 32 mins,"Mozilla/5.0 (Macintosh; Intel Mac OS X 10_15_0) AppleWebKit/537.36 (KHTML, like Gecko) Chrome/91.0.4472.114 Safari/537.36"
The Fellowship of the Ring,J. R. R. Tolkien,Length: 22 hrs and 38 mins,"Mozilla/5.0 (Macintosh; Intel Mac OS X 10_15_0) AppleWebKit/537.36 (KHTML, like Gecko) Chrome/91.0.4472.114 Safari/537.36"
Revenge of the Tipping Point,Malcolm Gladwell,Length: 8 hrs and 25 mins,"Mozilla/5.0 (Macintosh; Intel Mac OS X 10_15_0) AppleWebKit/537.36 (KHTML, like Gecko) Chrome/91.0.4472.114 Safari/537.36"
North Woods,Daniel Mason,Length: 11 hrs and 5 mins,"Mozilla/5.0 (Macintosh; Intel Mac OS X 10_15_0) AppleWebKit/537.36 (KHTML, like Gecko) Chrome/91.0.4472.114 Safari/537.36"
Under the Breaking Sky: The Complete Apocalyptic Horror Series,Nick Clausen,Length: 59 hrs and 36 mins,"Mozilla/5.0 (Macintosh; Intel Mac OS X 10_15_0) AppleWebKit/537.36 (KHTML, like Gecko) Chrome/91.0.4472.114 Safari/537.36"
Fated over Forty: The Complete Series Collection,Meg Ripley,Length: 52 hrs and 21 mins,"Mozilla/5.0 (Macintosh; Intel Mac OS X 10_15_0) AppleWebKit/537.36 (KHTML, like Gecko) Chrome/91.0.4472.114 Safari/537.36"
The Lost World,Vaughn Heppner,Length: 13 hrs and 35 mins,"Mozilla/5.0 (Macintosh; Intel Mac OS X 10_15_0) AppleWebKit/537.36 (KHTML, like Gecko) Chrome/91.0.4472.114 Safari/537.36"
"Galaxy Outlaws: The Complete Black Ocean Mobius Missions, 1-16.5",J. S. Morin,Length: 85 hrs and 6 mins,"Mozilla/5.0 (Macintosh; Intel Mac OS X 10_15_0) AppleWebKit/537.36 (KHTML, like Gecko) Chrome/91.0.4472.114 Safari/537.36"
Dungeon Crawler Carl,Matt Dinniman,Length: 13 hrs and 31 mins,"Mozilla/5.0 (Macintosh; Intel Mac OS X 10_15_0) AppleWebKit/537.36 (KHTML, like Gecko) Chrome/91.0.4472.114 Safari/537.36"
How My Neighbor Stole Christmas,Meghan Quinn,Length: 13 hrs and 26 mins,"Mozilla/5.0 (Macintosh; Intel Mac OS X 10_15_0) AppleWebKit/537.36 (KHTML, like Gecko) Chrome/91.0.4472.114 Safari/537.36"
I Will Mend You,Gigi Styx,Length: 18 hrs and 53 mins,"Mozilla/5.0 (Macintosh; Intel Mac OS X 10_15_0) AppleWebKit/537.36 (KHTML, like Gecko) Chrome/91.0.4472.114 Safari/537.36"
Getting Things Done,"David Allen,James Fallows - foreword",Length: 10 hrs and 17 mins,"Mozilla/5.0 (Macintosh; Intel Mac OS X 10_15_0) AppleWebKit/537.36 (KHTML, like Gecko) Chrome/91.0.4472.114 Safari/537.36"
The Great Alone,Kristin Hannah,Length: 15 hrs and 3 mins,"Mozilla/5.0 (Macintosh; Intel Mac OS X 10_15_0) AppleWebKit/537.36 (KHTML, like Gecko) Chrome/91.0.4472.114 Safari/537.36"
Broken Cities,Colton Lively,Length: 5 hrs and 39 mins,"Mozilla/5.0 (Macintosh; Intel Mac OS X 10_15_0) AppleWebKit/537.36 (KHTML, like Gecko) Chrome/91.0.4472.114 Safari/537.36"
The Keeper Chronicles: The Complete Trilogy,JA Andrews,Length: 46 hrs and 32 mins,"Mozilla/5.0 (Macintosh; Intel Mac OS X 10_15_0) AppleWebKit/537.36 (KHTML, like Gecko) Chrome/91.0.4472.114 Safari/537.36"
The Book of Enoch: With Commentary & Concept Art on the Book of the Watchers,"Timothy Alberino,Luke Rodgers,Nathan Henry",Length: 9 hrs and 24 mins,"Mozilla/5.0 (Macintosh; Intel Mac OS X 10_15_0) AppleWebKit/537.36 (KHTML, like Gecko) Chrome/91.0.4472.114 Safari/537.36"
All the Missing Pieces,Catherine Cowles,Length: 10 hrs and 50 mins,"Mozilla/5.0 (Macintosh; Intel Mac OS X 10_15_0) AppleWebKit/537.36 (KHTML, like Gecko) Chrome/91.0.4472.114 Safari/537.36"
It Begins with You,Jillian Turecki,Length: 8 hrs and 5 mins,"Mozilla/5.0 (Macintosh; Intel Mac OS X 10_15_0) AppleWebKit/537.36 (KHTML, like Gecko) Chrome/91.0.4472.114 Safari/537.36"
The Body Keeps the Score,Bessel van der Kolk M.D.,Length: 16 hrs and 15 mins,"Mozilla/5.0 (Macintosh; Intel Mac OS X 10_15_0) AppleWebKit/537.36 (KHTML, like Gecko) Chrome/91.0.4472.114 Safari/537.36"
Lies He Told Me,"James Patterson,David Ellis",Length: 8 hrs and 6 mins,"Mozilla/5.0 (Macintosh; Intel Mac OS X 10_15_0) AppleWebKit/537.36 (KHTML, like Gecko) Chrome/91.0.4472.114 Safari/537.36"
Confronting the Presidents,"Bill O'Reilly,Martin Dugard",Length: 16 hrs and 26 mins,"Mozilla/5.0 (Macintosh; Intel Mac OS X 10_15_0) AppleWebKit/537.36 (KHTML, like Gecko) Chrome/91.0.4472.114 Safari/537.36"
Can't Hurt Me,David Goggins,Length: 13 hrs and 37 mins,"Mozilla/5.0 (Macintosh; Intel Mac OS X 10_15_0) AppleWebKit/537.36 (KHTML, like Gecko) Chrome/91.0.4472.114 Safari/537.36"
Stay Toxic,Lani Lynn Vale,Length: 5 hrs and 44 mins,"Mozilla/5.0 (Macintosh; Intel Mac OS X 10_15_0) AppleWebKit/537.36 (KHTML, like Gecko) Chrome/91.0.4472.114 Safari/537.36"
One Second After,William R. Forstchen,Length: 13 hrs and 17 mins,"Mozilla/5.0 (Macintosh; Intel Mac OS X 10_15_0) AppleWebKit/537.36 (KHTML, like Gecko) Chrome/91.0.4472.114 Safari/537.36"
Becoming Sherlock - The Red Circle,"Sarah J. Naughton,Anthony Horowitz",Length: 9 hrs and 17 mins,"Mozilla/5.0 (Macintosh; Intel Mac OS X 10_15_0) AppleWebKit/537.36 (KHTML, like Gecko) Chrome/91.0.4472.114 Safari/537.36"
Outlander,Diana Gabaldon,Length: 32 hrs and 38 mins,"Mozilla/5.0 (Macintosh; Intel Mac OS X 10_15_0) AppleWebKit/537.36 (KHTML, like Gecko) Chrome/91.0.4472.114 Safari/537.36"
Dungeon Diving in a Magical Kingdom as a Side-Hustle,Jeff Jordan,Length: 9 hrs and 13 mins,"Mozilla/5.0 (Macintosh; Intel Mac OS X 10_15_0) AppleWebKit/537.36 (KHTML, like Gecko) Chrome/91.0.4472.114 Safari/537.36"
Ansiedad social [Social Anxiety],Jane Kennedy,Length: 4 hrs,"Mozilla/5.0 (Macintosh; Intel Mac OS X 10_15_0) AppleWebKit/537.36 (KHTML, like Gecko) Chrome/91.0.4472.114 Safari/537.36"
Blind Pass,Teagan Hunter,Length: 6 hrs and 31 mins,"Mozilla/5.0 (Macintosh; Intel Mac OS X 10_15_0) AppleWebKit/537.36 (KHTML, like Gecko) Chrome/91.0.4472.114 Safari/537.36"
The Thursday Murder Club,Richard Osman,Length: 12 hrs and 26 mins,"Mozilla/5.0 (Macintosh; Intel Mac OS X 10_15_0) AppleWebKit/537.36 (KHTML, like Gecko) Chrome/91.0.4472.114 Safari/537.36"
Newly Tied,Mary Calmes,Length: 6 hrs and 26 mins,"Mozilla/5.0 (Macintosh; Intel Mac OS X 10_15_0) AppleWebKit/537.36 (KHTML, like Gecko) Chrome/91.0.4472.114 Safari/537.36"
A Court of Wings and Ruin (Part 3 of 3) (Dramatized Adaptation),Sarah J. Maas,Length: 6 hrs,"Mozilla/5.0 (Macintosh; Intel Mac OS X 10_15_0) AppleWebKit/537.36 (KHTML, like Gecko) Chrome/91.0.4472.114 Safari/537.36"
ONYX STORM (Italian Edition),Rebecca Yarros,Length: 25 hrs and 15 mins,"Mozilla/5.0 (Macintosh; Intel Mac OS X 10_15_0) AppleWebKit/537.36 (KHTML, like Gecko) Chrome/91.0.4472.114 Safari/537.36"
Harry Potter and the Goblet of Fire (Narrated by Stephen Fry),J.K. Rowling,Length: 20 hrs and 54 mins,"Mozilla/5.0 (Macintosh; Intel Mac OS X 10_15_0) AppleWebKit/537.36 (KHTML, like Gecko) Chrome/91.0.4472.114 Safari/537.36"
House of Flame and Shadow,Sarah J. Maas,Length: 29 hrs and 42 mins,"Mozilla/5.0 (Macintosh; Intel Mac OS X 10_15_0) AppleWebKit/537.36 (KHTML, like Gecko) Chrome/91.0.4472.114 Safari/537.36"
King of Wrath,Ana Huang,Length: 12 hrs and 5 mins,"Mozilla/5.0 (Macintosh; Intel Mac OS X 10_15_0) AppleWebKit/537.36 (KHTML, like Gecko) Chrome/91.0.4472.114 Safari/537.36"
Unfu*k Yourself,Gary John Bishop,Length: 3 hrs and 24 mins,"Mozilla/5.0 (Macintosh; Intel Mac OS X 10_15_0) AppleWebKit/537.36 (KHTML, like Gecko) Chrome/91.0.4472.114 Safari/537.36"
The Solar Tsunami: Books 1-3,David A. Simpson,Length: 22 hrs and 21 mins,"Mozilla/5.0 (Macintosh; Intel Mac OS X 10_15_0) AppleWebKit/537.36 (KHTML, like Gecko) Chrome/91.0.4472.114 Safari/537.36"
"Outcast, Book 1",Coldhollow aka Wayne Thomas Batson,Length: 12 hrs and 30 mins,"Mozilla/5.0 (Macintosh; Intel Mac OS X 10_15_0) AppleWebKit/537.36 (KHTML, like Gecko) Chrome/91.0.4472.114 Safari/537.36"
The House of My Mother,Shari Franke,Length: 7 hrs and 9 mins,"Mozilla/5.0 (Macintosh; Intel Mac OS X 10_15_0) AppleWebKit/537.36 (KHTML, like Gecko) Chrome/91.0.4472.114 Safari/537.36"
Nexus,Yuval Noah Harari,Length: 17 hrs and 28 mins,"Mozilla/5.0 (Macintosh; Intel Mac OS X 10_15_0) AppleWebKit/537.36 (KHTML, like Gecko) Chrome/91.0.4472.114 Safari/537.36"
BattleTech,Blaine Lee Pardoe,Length: 18 hrs and 53 mins,"Mozilla/5.0 (Macintosh; Intel Mac OS X 10_15_0) AppleWebKit/537.36 (KHTML, like Gecko) Chrome/91.0.4472.114 Safari/537.36"
The Wise Man's Fear,Patrick Rothfuss,Length: 42 hrs and 55 mins,"Mozilla/5.0 (Macintosh; Intel Mac OS X 10_15_0) AppleWebKit/537.36 (KHTML, like Gecko) Chrome/91.0.4472.114 Safari/537.36"
The Psychology of Money,Morgan Housel,Length: 5 hrs and 54 mins,"Mozilla/5.0 (Macintosh; Intel Mac OS X 10_15_0) AppleWebKit/537.36 (KHTML, like Gecko) Chrome/91.0.4472.114 Safari/537.36"
Broken Hearts,Chelle Bliss,Length: 6 hrs and 58 mins,"Mozilla/5.0 (Macintosh; Intel Mac OS X 10_15_0) AppleWebKit/537.36 (KHTML, like Gecko) Chrome/91.0.4472.114 Safari/537.36"
Bog Standard Isekai: Illusionist,Miles English,Length: 18 hrs and 52 mins,"Mozilla/5.0 (Macintosh; Intel Mac OS X 10_15_0) AppleWebKit/537.36 (KHTML, like Gecko) Chrome/91.0.4472.114 Safari/537.36"
It,Stephen King,Length: 44 hrs and 55 mins,"Mozilla/5.0 (Macintosh; Intel Mac OS X 10_15_0) AppleWebKit/537.36 (KHTML, like Gecko) Chrome/91.0.4472.114 Safari/537.36"
From Blood and Ash,Jennifer L. Armentrout,Length: 19 hrs and 46 mins,"Mozilla/5.0 (Macintosh; Intel Mac OS X 10_15_0) AppleWebKit/537.36 (KHTML, like Gecko) Chrome/91.0.4472.114 Safari/537.36"
Cyrus the Great Makers of History,Jacob Abbott,Length: 7 hrs and 3 mins,"Mozilla/5.0 (Macintosh; Intel Mac OS X 10_15_0) AppleWebKit/537.36 (KHTML, like Gecko) Chrome/91.0.4472.114 Safari/537.36"
The Adventures of Huckleberry Finn,Mark Twain,Length: 9 hrs and 44 mins,"Mozilla/5.0 (Macintosh; Intel Mac OS X 10_15_0) AppleWebKit/537.36 (KHTML, like Gecko) Chrome/91.0.4472.114 Safari/537.36"
The Crown of Gilded Bones,Jennifer L. Armentrout,Length: 25 hrs and 22 mins,"Mozilla/5.0 (Macintosh; Intel Mac OS X 10_15_0) AppleWebKit/537.36 (KHTML, like Gecko) Chrome/91.0.4472.114 Safari/537.36"
The Cloverleigh Farms Collection,Melanie Harlow,Length: 41 hrs and 50 mins,"Mozilla/5.0 (Macintosh; Intel Mac OS X 10_15_0) AppleWebKit/537.36 (KHTML, like Gecko) Chrome/91.0.4472.114 Safari/537.36"
The 48 Laws of Power,Robert Greene,Length: 9 hrs and 52 mins,"Mozilla/5.0 (Macintosh; Intel Mac OS X 10_15_0) AppleWebKit/537.36 (KHTML, like Gecko) Chrome/91.0.4472.114 Safari/537.36"
Beyond Anxiety,Martha Beck,Length: 11 hrs and 45 mins,"Mozilla/5.0 (Macintosh; Intel Mac OS X 10_15_0) AppleWebKit/537.36 (KHTML, like Gecko) Chrome/91.0.4472.114 Safari/537.36"
Heaven's River,Dennis E. Taylor,Length: 16 hrs and 57 mins,"Mozilla/5.0 (Macintosh; Intel Mac OS X 10_15_0) AppleWebKit/537.36 (KHTML, like Gecko) Chrome/91.0.4472.114 Safari/537.36"
The Moretti Men: Devils Thirst,Jill Ramsower,Length: 9 hrs and 12 mins,"Mozilla/5.0 (Macintosh; Intel Mac OS X 10_15_0) AppleWebKit/537.36 (KHTML, like Gecko) Chrome/91.0.4472.114 Safari/537.36"
The Frozen River,Ariel Lawhon,Length: 15 hrs and 5 mins,"Mozilla/5.0 (Macintosh; Intel Mac OS X 10_15_0) AppleWebKit/537.36 (KHTML, like Gecko) Chrome/91.0.4472.114 Safari/537.36"
The 48 Laws of Power,Robert Greene,Length: 9 hrs and 52 mins,"Mozilla/5.0 (Macintosh; Intel Mac OS X 10_15_0) AppleWebKit/537.36 (KHTML, like Gecko) Chrome/91.0.4472.114 Safari/537.36"
Beyond Anxiety,Martha Beck,Length: 11 hrs and 45 mins,"Mozilla/5.0 (Macintosh; Intel Mac OS X 10_15_0) AppleWebKit/537.36 (KHTML, like Gecko) Chrome/91.0.4472.114 Safari/537.36"
The Texan Scouts,Joseph A. Altsheler,Length: 8 hrs and 58 mins,"Mozilla/5.0 (Macintosh; Intel Mac OS X 10_15_0) AppleWebKit/537.36 (KHTML, like Gecko) Chrome/91.0.4472.114 Safari/537.36"
A Court of Wings and Ruin (1 of 3) [Dramatized Adaptation],Sarah J. Maas,Length: 6 hrs and 11 mins,"Mozilla/5.0 (Macintosh; Intel Mac OS X 10_15_0) AppleWebKit/537.36 (KHTML, like Gecko) Chrome/91.0.4472.114 Safari/537.36"
The David Wolf Mystery Thriller Series: Books 1-4,Jeff Carson,Length: 28 hrs and 16 mins,"Mozilla/5.0 (Macintosh; Intel Mac OS X 10_15_0) AppleWebKit/537.36 (KHTML, like Gecko) Chrome/91.0.4472.114 Safari/537.36"
The Frozen River,Ariel Lawhon,Length: 15 hrs and 5 mins,"Mozilla/5.0 (Macintosh; Intel Mac OS X 10_15_0) AppleWebKit/537.36 (KHTML, like Gecko) Chrome/91.0.4472.114 Safari/537.36"
Throne of Glass,Sarah J. Maas,Length: 13 hrs and 3 mins,"Mozilla/5.0 (Macintosh; Intel Mac OS X 10_15_0) AppleWebKit/537.36 (KHTML, like Gecko) Chrome/91.0.4472.114 Safari/537.36"
The First and Last Deception,Daniel O'Connor,Length: 15 hrs and 29 mins,"Mozilla/5.0 (Macintosh; Intel Mac OS X 10_15_0) AppleWebKit/537.36 (KHTML, like Gecko) Chrome/91.0.4472.114 Safari/537.36"
The Art of Seduction,Robert Greene,Length: 5 hrs and 9 mins,"Mozilla/5.0 (Macintosh; Intel Mac OS X 10_15_0) AppleWebKit/537.36 (KHTML, like Gecko) Chrome/91.0.4472.114 Safari/537.36"
Fun Facts Book,Kent Jameson,Length: 3 hrs and 7 mins,"Mozilla/5.0 (Macintosh; Intel Mac OS X 10_15_0) AppleWebKit/537.36 (KHTML, like Gecko) Chrome/91.0.4472.114 Safari/537.36"
"Listener's Audio Bibleâ€”New International Version, NIV: Complete Bible",Max McLean,Length: 75 hrs and 14 mins,"Mozilla/5.0 (Macintosh; Intel Mac OS X 10_15_0) AppleWebKit/537.36 (KHTML, like Gecko) Chrome/91.0.4472.114 Safari/537.36"
It Starts with Us,Colleen Hoover,Length: 8 hrs and 41 mins,"Mozilla/5.0 (Macintosh; Intel Mac OS X 10_15_0) AppleWebKit/537.36 (KHTML, like Gecko) Chrome/91.0.4472.114 Safari/537.36"
Rise of the Living Forge 2,Actus,Length: 15 hrs and 40 mins,"Mozilla/5.0 (Macintosh; Intel Mac OS X 10_15_0) AppleWebKit/537.36 (KHTML, like Gecko) Chrome/91.0.4472.114 Safari/537.36"
The Nightingale,Kristin Hannah,Length: 17 hrs and 19 mins,"Mozilla/5.0 (Macintosh; Intel Mac OS X 10_15_0) AppleWebKit/537.36 (KHTML, like Gecko) Chrome/91.0.4472.114 Safari/537.36"
Pro Bono,Thomas Perry,Length: 10 hrs and 42 mins,"Mozilla/5.0 (Macintosh; Intel Mac OS X 10_15_0) AppleWebKit/537.36 (KHTML, like Gecko) Chrome/91.0.4472.114 Safari/537.36"
Rise. Recover. Thrive.,Scott Strode,Length: 8 hrs and 53 mins,"Mozilla/5.0 (Macintosh; Intel Mac OS X 10_15_0) AppleWebKit/537.36 (KHTML, like Gecko) Chrome/91.0.4472.114 Safari/537.36"
Tea and Empathy,Shanna Swendson,Length: 6 hrs and 16 mins,"Mozilla/5.0 (Macintosh; Intel Mac OS X 10_15_0) AppleWebKit/537.36 (KHTML, like Gecko) Chrome/91.0.4472.114 Safari/537.36"
Usted se encuentra aquÃ­,FabiÃ¡n C. Barrio,Length: 9 hrs and 31 mins,"Mozilla/5.0 (Macintosh; Intel Mac OS X 10_15_0) AppleWebKit/537.36 (KHTML, like Gecko) Chrome/91.0.4472.114 Safari/537.36"
Providence,TurtleMe,Length: 27 hrs and 38 mins,"Mozilla/5.0 (Macintosh; Intel Mac OS X 10_15_0) AppleWebKit/537.36 (KHTML, like Gecko) Chrome/91.0.4472.114 Safari/537.36"
Track Her Down,Melinda Leigh,Length: 9 hrs and 57 mins,"Mozilla/5.0 (Macintosh; Intel Mac OS X 10_15_0) AppleWebKit/537.36 (KHTML, like Gecko) Chrome/91.0.4472.114 Safari/537.36"
